[{"model": "lab_queue.queue", "pk": 10, "fields": {"queue_title": "ISP", "queue_group": 853506, "queue_info": "\u043e\u0440\u0438\u0435\u043d\u0442\u0438\u0440\u043e\u0432\u043e\u0447\u043d\u043e \u043d\u0430 21.05 11:40", "queue_create_date": "2020-05-12T19:18:02.788Z", "queue_enter_date": "2020-05-14T19:28:28.507Z"}}, {"model": "lab_queue.queue", "pk": 12, "fields": {"queue_title": "\u041c\u0427\u0410 14.05", "queue_group": 853506, "queue_info": "8:00 - 11:20", "queue_create_date": "2020-05-13T09:02:37.849Z", "queue_enter_date": "2020-05-14T19:28:28.507Z"}}, {"model": "lab_queue.queue", "pk": 13, "fields": {"queue_title": "we", "queue_group": 123, "queue_info": "qwe", "queue_create_date": "2020-05-14T20:30:19.530Z", "queue_enter_date": "2020-05-22T17:24:00Z"}}, {"model": "lab_queue.queue", "pk": 14, "fields": {"queue_title": "\u0418\u0421\u041f", "queue_group": 123, "queue_info": "12231231", "queue_create_date": "2020-05-14T21:03:13.732Z", "queue_enter_date": "2020-05-16T15:00:00Z"}}, {"model": "lab_queue.queue", "pk": 17, "fields": {"queue_title": "qwrqwerqwer", "queue_group": 853506, "queue_info": "srgfdghtytjuyhyjh  t fjdty", "queue_create_date": "2020-05-14T21:09:11.957Z", "queue_enter_date": "2020-05-14T21:10:00Z"}}, {"model": "lab_queue.userinqueue", "pk": 163, "fields": {"uiq_user_id": 20, "uiq_queue_id": 10, "uiq_info": "", "uiq_group": 853506, "uiq_first_name": "\u0412\u043b\u0430\u0434", "uiq_second_name": "\u041b\u0443\u043a\u0430\u0448\u0451\u043d\u043e\u043a", "uiq_want_to_swap": false, "uiq_index": 1}}, {"model": "lab_queue.userinqueue", "pk": 164, "fields": {"uiq_user_id": 17, "uiq_queue_id": 10, "uiq_info": "", "uiq_group": 853506, "uiq_first_name": "Makar", "uiq_second_name": "Pundis", "uiq_want_to_swap": false, "uiq_index": 2}}, {"model": "lab_queue.userinqueue", "pk": 165, "fields": {"uiq_user_id": 22, "uiq_queue_id": 10, "uiq_info": "", "uiq_group": 853506, "uiq_first_name": "\u0410\u0440\u0442\u0451\u043c", "uiq_second_name": "\u041a\u0438\u0441\u0443\u0440\u0438\u043d", "uiq_want_to_swap": false, "uiq_index": 3}}, {"model": "lab_queue.userinqueue", "pk": 166, "fields": {"uiq_user_id": 23, "uiq_queue_id": 10, "uiq_info": "", "uiq_group": 6, "uiq_first_name": "Andrey", "uiq_second_name": "Vanyuck", "uiq_want_to_swap": false, "uiq_index": 4}}, {"model": "lab_queue.userinqueue", "pk": 167, "fields": {"uiq_user_id": 24, "uiq_queue_id": 10, "uiq_info": "", "uiq_group": 6, "uiq_first_name": "danila", "uiq_second_name": "golovenko", "uiq_want_to_swap": false, "uiq_index": 5}}, {"model": "lab_queue.userinqueue", "pk": 168, "fields": {"uiq_user_id": 26, "uiq_queue_id": 10, "uiq_info": "", "uiq_group": 853506, "uiq_first_name": "\u0410\u0440\u0442\u0443\u0440", "uiq_second_name": "\u0425\u0430\u043b\u0438\u043f\u043e\u0432", "uiq_want_to_swap": false, "uiq_index": 6}}, {"model": "lab_queue.userinqueue", "pk": 169, "fields": {"uiq_user_id": 28, "uiq_queue_id": 10, "uiq_info": "", "uiq_group": 853506, "uiq_first_name": "\u0420\u043e\u043c\u0430\u043d", "uiq_second_name": "\u0413\u0440\u0435\u043a", "uiq_want_to_swap": false, "uiq_index": 7}}, {"model": "lab_queue.userinqueue", "pk": 170, "fields": {"uiq_user_id": 29, "uiq_queue_id": 10, "uiq_info": "", "uiq_group": 853506, "uiq_first_name": "\u0410\u043d\u0434\u0440\u0435\u0439", "uiq_second_name": "\u041a\u0430\u0440\u043f\u044b\u0437\u0430", "uiq_want_to_swap": false, "uiq_index": 9}}, {"model": "lab_queue.userinqueue", "pk": 172, "fields": {"uiq_user_id": 30, "uiq_queue_id": 12, "uiq_info": "", "uiq_group": 853506, "uiq_first_name": "Dmitry", "uiq_second_name": "Shkadarevich", "uiq_want_to_swap": false, "uiq_index": 1}}, {"model": "lab_queue.userinqueue", "pk": 173, "fields": {"uiq_user_id": 17, "uiq_queue_id": 12, "uiq_info": "", "uiq_group": 853506, "uiq_first_name": "Makar", "uiq_second_name": "Pundis", "uiq_want_to_swap": false, "uiq_index": 2}}, {"model": "lab_queue.userinqueue", "pk": 174, "fields": {"uiq_user_id": 20, "uiq_queue_id": 12, "uiq_info": "", "uiq_group": 853506, "uiq_first_name": "\u0412\u043b\u0430\u0434", "uiq_second_name": "\u041b\u0443\u043a\u0430\u0448\u0451\u043d\u043e\u043a", "uiq_want_to_swap": false, "uiq_index": 3}}, {"model": "lab_queue.userinqueue", "pk": 175, "fields": {"uiq_user_id": 31, "uiq_queue_id": 10, "uiq_info": "", "uiq_group": 853506, "uiq_first_name": "Evgeniy", "uiq_second_name": "Vashinko", "uiq_want_to_swap": false, "uiq_index": 8}}, {"model": "lab_queue.userinqueue", "pk": 176, "fields": {"uiq_user_id": 31, "uiq_queue_id": 12, "uiq_info": "", "uiq_group": 853506, "uiq_first_name": "Evgeniy", "uiq_second_name": "Vashinko", "uiq_want_to_swap": false, "uiq_index": 4}}, {"model": "lab_queue.userinqueue", "pk": 177, "fields": {"uiq_user_id": 32, "uiq_queue_id": 10, "uiq_info": "", "uiq_group": 853506, "uiq_first_name": "Alexander", "uiq_second_name": "Kulsha", "uiq_want_to_swap": false, "uiq_index": 11}}, {"model": "lab_queue.userinqueue", "pk": 179, "fields": {"uiq_user_id": 30, "uiq_queue_id": 10, "uiq_info": "", "uiq_group": 853506, "uiq_first_name": "Dmitry", "uiq_second_name": "Shkadarevich", "uiq_want_to_swap": false, "uiq_index": 10}}, {"model": "lab_queue.userinqueue", "pk": 180, "fields": {"uiq_user_id": 33, "uiq_queue_id": 10, "uiq_info": "", "uiq_group": 853506, "uiq_first_name": "\u0414\u043c\u0438\u0442\u0440\u0438\u0439", "uiq_second_name": "\u0411\u0435\u043b\u043e\u0446\u043a\u0438\u0439", "uiq_want_to_swap": false, "uiq_index": 12}}, {"model": "lab_queue.userinqueue", "pk": 181, "fields": {"uiq_user_id": 34, "uiq_queue_id": 10, "uiq_info": "", "uiq_group": 853506, "uiq_first_name": "Artsiom", "uiq_second_name": "Shut", "uiq_want_to_swap": false, "uiq_index": 13}}, {"model": "lab_queue.userinqueue", "pk": 182, "fields": {"uiq_user_id": 35, "uiq_queue_id": 10, "uiq_info": "", "uiq_group": 6, "uiq_first_name": "\u041c\u0430\u043a\u0441\u0438\u043c", "uiq_second_name": "\u041a\u0443\u043f\u043b\u0435\u0432\u0438\u0447", "uiq_want_to_swap": false, "uiq_index": 14}}, {"model": "lab_queue.userinqueue", "pk": 185, "fields": {"uiq_user_id": 14, "uiq_queue_id": 10, "uiq_info": "", "uiq_group": 853506, "uiq_first_name": "vasya", "uiq_second_name": "vsaya", "uiq_want_to_swap": false, "uiq_index": 15}}, {"model": "contenttypes.contenttype", "pk": 1, "fields": {"app_label": "lab_queue", "model": "queue"}}, {"model": "contenttypes.contenttype", "pk": 2, "fields": {"app_label": "lab_queue", "model": "user"}}, {"model": "contenttypes.contenttype", "pk": 3, "fields": {"app_label": "lab_queue", "model": "userinqueue"}}, {"model": "contenttypes.contenttype", "pk": 4, "fields": {"app_label": "admin", "model": "logentry"}}, {"model": "contenttypes.contenttype", "pk": 5, "fields": {"app_label": "auth", "model": "permission"}}, {"model": "contenttypes.contenttype", "pk": 6, "fields": {"app_label": "auth", "model": "group"}}, {"model": "contenttypes.contenttype", "pk": 7, "fields": {"app_label": "auth", "model": "user"}}, {"model": "contenttypes.contenttype", "pk": 8, "fields": {"app_label": "contenttypes", "model": "contenttype"}}, {"model": "contenttypes.contenttype", "pk": 9, "fields": {"app_label": "sessions", "model": "session"}}, {"model": "contenttypes.contenttype", "pk": 10, "fields": {"app_label": "lab_queue", "model": "profile"}}, {"model": "sessions.session", "pk": "0z3glp23hehx41p904f9ww0i6c1juhxl", "fields": {"session_data": "NDFlNzdjM2Q4NjQ0MDc4OTNjMTI0YTIyYzg4N2ZhMTllNTBjMzE5OTp7Il9hdXRoX3VzZXJfaWQiOiIzMCIsIl9hdXRoX3VzZXJfYmFja2VuZCI6ImRqYW5nby5jb250cmliLmF1dGguYmFja2VuZHMuTW9kZWxCYWNrZW5kIiwiX2F1dGhfdXNlcl9oYXNoIjoiYTIwNDY5ZWQ0ZmE2NWY5YTU4NzcyZWQ5Y2VlZDIyNTYxY2I2N2ZiYyJ9", "expire_date": "2020-05-27T08:59:22.893Z"}}, {"model": "sessions.session", "pk": "10nnaeiqjkqjg6vui7ke2y5e3zubd8h7", "fields": {"session_data": "YzdmNjYwOWQzODZiZWE1MTJjODYwN2M5Njg1ODVhMWQyNTBkYzM4ODp7Il9hdXRoX3VzZXJfaWQiOiIxIiwiX2F1dGhfdXNlcl9iYWNrZW5kIjoiZGphbmdvLmNvbnRyaWIuYXV0aC5iYWNrZW5kcy5Nb2RlbEJhY2tlbmQiLCJfYXV0aF91c2VyX2hhc2giOiIzM2JmZmUwOTIxMzEyOWNmY2MyYTEwMDYzYzVlZWZkMmI5NmJhNDE1In0=", "expire_date": "2020-05-21T17:42:12.557Z"}}, {"model": "sessions.session", "pk": "3ubu86i6nh8awjgrkidcy1lvv7thu9jm", "fields": {"session_data": "OTcyZTdhZGZmOGY0OGZmOTliYWQyM2Q1ODYxODM3ZjI5MjE3YjI3MTp7Il9hdXRoX3VzZXJfaWQiOiIzMyIsIl9hdXRoX3VzZXJfYmFja2VuZCI6ImRqYW5nby5jb250cmliLmF1dGguYmFja2VuZHMuTW9kZWxCYWNrZW5kIiwiX2F1dGhfdXNlcl9oYXNoIjoiZTgyMTQ1YzAzZjJhYTM1M2U3OWI5ZDUxYmVmYWE1OGIwOGI1YTNjMiJ9", "expire_date": "2020-05-28T12:53:11.687Z"}}, {"model": "sessions.session", "pk": "564g8rru6zgmqoml215tji1rq9fi5rud", "fields": {"session_data": "ZjIyNDZkZDE1ZjdlZWRkNDUxZmVkOWFiNDY4MTc1NmRmYTgyNjMwYTp7Il9hdXRoX3VzZXJfaWQiOiIyMCIsIl9hdXRoX3VzZXJfYmFja2VuZCI6ImRqYW5nby5jb250cmliLmF1dGguYmFja2VuZHMuTW9kZWxCYWNrZW5kIiwiX2F1dGhfdXNlcl9oYXNoIjoiODYxNGFjNWFhMGM0OWY1MDM3ZDJjMTlkZGFlOTUwNjVlYTMxOTVlMCJ9", "expire_date": "2020-05-28T12:53:55.046Z"}}, {"model": "sessions.session", "pk": "7jam1vj6quiiqfw5lofmhgdpgtpc75dg", "fields": {"session_data": "ZGFjMGU0MTA3N2QzMGIxY2ZiMjBiMGYzNGJmNjYyMDk5ZmM0MTc5Mzp7Il9hdXRoX3VzZXJfaWQiOiIyNSIsIl9hdXRoX3VzZXJfYmFja2VuZCI6ImRqYW5nby5jb250cmliLmF1dGguYmFja2VuZHMuTW9kZWxCYWNrZW5kIiwiX2F1dGhfdXNlcl9oYXNoIjoiNmE0ZTYyMjJiMDc2NmIxNTZhZDljM2UwYTAwNTRhZWFmYjM0N2UzNSJ9", "expire_date": "2020-05-26T20:12:27.376Z"}}, {"model": "sessions.session", "pk": "7kv42dzal1kdg08apmbsd0iv0fgugxhe", "fields": {"session_data": "ODVkNDllMTlhN2NlNjM4MDgzNzU0YjlhZDNjOWE2ZjJkZTQyOTNiMzp7Il9hdXRoX3VzZXJfaWQiOiIyOSIsIl9hdXRoX3VzZXJfYmFja2VuZCI6ImRqYW5nby5jb250cmliLmF1dGguYmFja2VuZHMuTW9kZWxCYWNrZW5kIiwiX2F1dGhfdXNlcl9oYXNoIjoiMTliMTk1MTc2Y2YyMzhiZWUyZmVlY2NlNmQ3NDgxNTYxYjExNjhmYSJ9", "expire_date": "2020-05-27T22:22:45.392Z"}}, {"model": "sessions.session", "pk": "8yncc9322dzohtx9rav2lfhj14l6j2jn", "fields": {"session_data": "ODVkNDllMTlhN2NlNjM4MDgzNzU0YjlhZDNjOWE2ZjJkZTQyOTNiMzp7Il9hdXRoX3VzZXJfaWQiOiIyOSIsIl9hdXRoX3VzZXJfYmFja2VuZCI6ImRqYW5nby5jb250cmliLmF1dGguYmFja2VuZHMuTW9kZWxCYWNrZW5kIiwiX2F1dGhfdXNlcl9oYXNoIjoiMTliMTk1MTc2Y2YyMzhiZWUyZmVlY2NlNmQ3NDgxNTYxYjExNjhmYSJ9", "expire_date": "2020-05-27T08:35:23.456Z"}}, {"model": "sessions.session", "pk": "9z2mahmabbkelkl33o02pp50wcr9a01c", "fields": {"session_data": "ZmU4NmJjNDE5NjQxMDhkMmViYzBjNDE2ZTJiMDI1ZTViYWIwN2Y1Njp7Il9hdXRoX3VzZXJfaWQiOiIzMSIsIl9hdXRoX3VzZXJfYmFja2VuZCI6ImRqYW5nby5jb250cmliLmF1dGguYmFja2VuZHMuTW9kZWxCYWNrZW5kIiwiX2F1dGhfdXNlcl9oYXNoIjoiYTYyNjA3NTI1OGI1ZjIzYWI5YTQ3Yjg1MmEzNjMxZWExZDIxN2NkZCJ9", "expire_date": "2020-05-27T11:40:03.571Z"}}, {"model": "sessions.session", "pk": "a0ioheepfhcm8v6rc77lrwqbqzuevn0b", "fields": {"session_data": "MjAyMjFjYjlhMjA0N2ZmYmQzZGMwYzQ2NmU4MWI4ZjU1MjhkMDhhNDp7Il9hdXRoX3VzZXJfaWQiOiIyNCIsIl9hdXRoX3VzZXJfYmFja2VuZCI6ImRqYW5nby5jb250cmliLmF1dGguYmFja2VuZHMuTW9kZWxCYWNrZW5kIiwiX2F1dGhfdXNlcl9oYXNoIjoiMzBhYmRiNjI0Yjc0ZmRkOWVmOTkxOTI3NGU4MzJmMjA4ZGZlMzAxMSJ9", "expire_date": "2020-05-26T19:28:42.183Z"}}, {"model": "sessions.session", "pk": "bb4inqf15y8ub5mmk1khccxs8fqx8qsz", "fields": {"session_data": "NzJjMTQxOTQwZjRjODRjOTRkYzY4NjI5ZWMwOTQwODM5NzcwMTQ2NDp7Il9hdXRoX3VzZXJfaWQiOiIxNCIsIl9hdXRoX3VzZXJfYmFja2VuZCI6ImRqYW5nby5jb250cmliLmF1dGguYmFja2VuZHMuTW9kZWxCYWNrZW5kIiwiX2F1dGhfdXNlcl9oYXNoIjoiNDJiNDIyNTM0MDJiYmNhNDhjYjRmNjRhMTE2ODE5MTdmYzY0OGY4ZiJ9", "expire_date": "2020-05-26T17:05:20.056Z"}}, {"model": "sessions.session", "pk": "brvrotacnn0mgzfgsma8gaej2ueyen6j", "fields": {"session_data": "ZjFkMzFkNTczNjdkZmIwNGNjNzBjNzA3MzE0NGY2OTNlN2Y1ZTY1Zjp7Il9hdXRoX3VzZXJfaWQiOiIyMyIsIl9hdXRoX3VzZXJfYmFja2VuZCI6ImRqYW5nby5jb250cmliLmF1dGguYmFja2VuZHMuTW9kZWxCYWNrZW5kIiwiX2F1dGhfdXNlcl9oYXNoIjoiOWNiMDY2OTgyY2NkMjFiZjNlMjE5NGMxY2FjNGQ1YzU4ZmIxOGMxZiJ9", "expire_date": "2020-05-26T19:27:14.956Z"}}, {"model": "sessions.session", "pk": "dljk1wdp751xzo3m286l0oildxys05c8", "fields": {"session_data": "ZjIyNDZkZDE1ZjdlZWRkNDUxZmVkOWFiNDY4MTc1NmRmYTgyNjMwYTp7Il9hdXRoX3VzZXJfaWQiOiIyMCIsIl9hdXRoX3VzZXJfYmFja2VuZCI6ImRqYW5nby5jb250cmliLmF1dGguYmFja2VuZHMuTW9kZWxCYWNrZW5kIiwiX2F1dGhfdXNlcl9oYXNoIjoiODYxNGFjNWFhMGM0OWY1MDM3ZDJjMTlkZGFlOTUwNjVlYTMxOTVlMCJ9", "expire_date": "2020-05-26T23:21:52.031Z"}}, {"model": "sessions.session", "pk": "dw07paeqvk69ksltu0z5v428675xxvz7", "fields": {"session_data": "NzJjMTQxOTQwZjRjODRjOTRkYzY4NjI5ZWMwOTQwODM5NzcwMTQ2NDp7Il9hdXRoX3VzZXJfaWQiOiIxNCIsIl9hdXRoX3VzZXJfYmFja2VuZCI6ImRqYW5nby5jb250cmliLmF1dGguYmFja2VuZHMuTW9kZWxCYWNrZW5kIiwiX2F1dGhfdXNlcl9oYXNoIjoiNDJiNDIyNTM0MDJiYmNhNDhjYjRmNjRhMTE2ODE5MTdmYzY0OGY4ZiJ9", "expire_date": "2020-05-28T19:15:26.795Z"}}, {"model": "sessions.session", "pk": "dxojsq6vh2kibt7c59b0ggmmojlu98y7", "fields": {"session_data": "MTFlNDAzYWMyMWY4MWQ3MzgyZTU4NmIzYjZjYTYyNWMyZTA0ZjNkMDp7Il9hdXRoX3VzZXJfaWQiOiIxNyIsIl9hdXRoX3VzZXJfYmFja2VuZCI6ImRqYW5nby5jb250cmliLmF1dGguYmFja2VuZHMuTW9kZWxCYWNrZW5kIiwiX2F1dGhfdXNlcl9oYXNoIjoiNjJiOTc3ZTRlYjgzOTU2YWY5ZjgyY2QzZjhmOTY2MzJhMjUwODgxZiJ9", "expire_date": "2020-05-27T11:40:35.894Z"}}, {"model": "sessions.session", "pk": "jzk6qai88ewmyqk2i6tv23jkys1rrq5i", "fields": {"session_data": "ZjAyNjBhMjI1MTcyOTFiYWI1NzRjOTBiZGU4NDUzNjI3YTU4MDI3Nzp7Il9hdXRoX3VzZXJfaWQiOiIyOCIsIl9hdXRoX3VzZXJfYmFja2VuZCI6ImRqYW5nby5jb250cmliLmF1dGguYmFja2VuZHMuTW9kZWxCYWNrZW5kIiwiX2F1dGhfdXNlcl9oYXNoIjoiMWY2MTY0NjZlZTVlN2UwMjQwNmU2MzdlY2Y5MjYxMmE0ZDI0MzQ1OCJ9", "expire_date": "2020-05-27T07:46:40.501Z"}}, {"model": "sessions.session", "pk": "kogaw425rc67e95lpo4as4inrbgkr87r", "fields": {"session_data": "ZjUwMGY0YmM4NmUwOGMyOTM1ZjhiYmVkNzVjYThjNWRkMTllZTc0Yjp7Il9hdXRoX3VzZXJfaWQiOiIzMiIsIl9hdXRoX3VzZXJfYmFja2VuZCI6ImRqYW5nby5jb250cmliLmF1dGguYmFja2VuZHMuTW9kZWxCYWNrZW5kIiwiX2F1dGhfdXNlcl9oYXNoIjoiMThkZTBmMGJhYzJlNDU5MmY0ZWE5MDI4NGIwODZlNTJiNGYzNjcxMCJ9", "expire_date": "2020-05-28T12:13:25.593Z"}}, {"model": "sessions.session", "pk": "l4ki671b19bxb3aq7bs3pr9yanfxbeua", "fields": {"session_data": "YzdmNjYwOWQzODZiZWE1MTJjODYwN2M5Njg1ODVhMWQyNTBkYzM4ODp7Il9hdXRoX3VzZXJfaWQiOiIxIiwiX2F1dGhfdXNlcl9iYWNrZW5kIjoiZGphbmdvLmNvbnRyaWIuYXV0aC5iYWNrZW5kcy5Nb2RlbEJhY2tlbmQiLCJfYXV0aF91c2VyX2hhc2giOiIzM2JmZmUwOTIxMzEyOWNmY2MyYTEwMDYzYzVlZWZkMmI5NmJhNDE1In0=", "expire_date": "2020-05-28T12:48:23.917Z"}}, {"model": "sessions.session", "pk": "m0xpkutuxgub0v73jpubuq1g7soj5myl", "fields": {"session_data": "MDFjMmQzZWQ0MGNkOTE3MjdhNWM4MTFkOTAzOWQyNjBkODAzY2QzNzp7Il9hdXRoX3VzZXJfaWQiOiIzNSIsIl9hdXRoX3VzZXJfYmFja2VuZCI6ImRqYW5nby5jb250cmliLmF1dGguYmFja2VuZHMuTW9kZWxCYWNrZW5kIiwiX2F1dGhfdXNlcl9oYXNoIjoiODRlMGI1NDRmODliYTZiM2I4OWUxMjU2ODdlNjI0OTQxZTg5MjlmNiJ9", "expire_date": "2020-05-28T13:08:30.576Z"}}, {"model": "sessions.session", "pk": "p5smooo31a1vn80yab7bstwuuf5mxow0", "fields": {"session_data": "ZDA3NGQ3ZWQxMzIwNGExOWZjY2FlYzJiNTQ3MjQ0MzM2ZTVjNzQ3MTp7Il9hdXRoX3VzZXJfaWQiOiIyNiIsIl9hdXRoX3VzZXJfYmFja2VuZCI6ImRqYW5nby5jb250cmliLmF1dGguYmFja2VuZHMuTW9kZWxCYWNrZW5kIiwiX2F1dGhfdXNlcl9oYXNoIjoiNjk4NjExZTc0M2NiMzc3M2Y0NWY1NTdiOTRkYTlmOTIxNjkzZTA5YiJ9", "expire_date": "2020-05-27T00:55:42.461Z"}}, {"model": "sessions.session", "pk": "sl3awx3c6uly4478lvd5h3idxckm35sp", "fields": {"session_data": "NDdiMGRlYjQ3ZWNiMGM4ZTc3ZGJjMTQ3YjVkYzI0YmVlMTI1NTMwMDp7Il9hdXRoX3VzZXJfaWQiOiIzNCIsIl9hdXRoX3VzZXJfYmFja2VuZCI6ImRqYW5nby5jb250cmliLmF1dGguYmFja2VuZHMuTW9kZWxCYWNrZW5kIiwiX2F1dGhfdXNlcl9oYXNoIjoiYzgzNDY4MGUxYTM1M2U5YTg2ZmJlMGI2NmMyYmQyZmFhMmYzOTRkYyJ9", "expire_date": "2020-05-28T13:01:43.805Z"}}, {"model": "sessions.session", "pk": "v2bucgjfxz04oxtqkajxro9q1bvh63mh", "fields": {"session_data": "ZjIyNDZkZDE1ZjdlZWRkNDUxZmVkOWFiNDY4MTc1NmRmYTgyNjMwYTp7Il9hdXRoX3VzZXJfaWQiOiIyMCIsIl9hdXRoX3VzZXJfYmFja2VuZCI6ImRqYW5nby5jb250cmliLmF1dGguYmFja2VuZHMuTW9kZWxCYWNrZW5kIiwiX2F1dGhfdXNlcl9oYXNoIjoiODYxNGFjNWFhMGM0OWY1MDM3ZDJjMTlkZGFlOTUwNjVlYTMxOTVlMCJ9", "expire_date": "2020-05-26T21:15:34.956Z"}}, {"model": "sessions.session", "pk": "yimrkay3dpgzr0ntvnyb90xrlc9evvjy", "fields": {"session_data": "ZjFkMzFkNTczNjdkZmIwNGNjNzBjNzA3MzE0NGY2OTNlN2Y1ZTY1Zjp7Il9hdXRoX3VzZXJfaWQiOiIyMyIsIl9hdXRoX3VzZXJfYmFja2VuZCI6ImRqYW5nby5jb250cmliLmF1dGguYmFja2VuZHMuTW9kZWxCYWNrZW5kIiwiX2F1dGhfdXNlcl9oYXNoIjoiOWNiMDY2OTgyY2NkMjFiZjNlMjE5NGMxY2FjNGQ1YzU4ZmIxOGMxZiJ9", "expire_date": "2020-05-28T12:20:04.366Z"}}, {"model": "sessions.session", "pk": "yotudn9787mm7ybwnua9hotxtej2wyze", "fields": {"session_data": "ZTNlNDdkMzk5YTgxMWZhMGEzZjc1MjA2M2Q0MzY4ZTU0YzVlMWIxMzp7Il9hdXRoX3VzZXJfaWQiOiIyMiIsIl9hdXRoX3VzZXJfYmFja2VuZCI6ImRqYW5nby5jb250cmliLmF1dGguYmFja2VuZHMuTW9kZWxCYWNrZW5kIiwiX2F1dGhfdXNlcl9oYXNoIjoiZmQxN2M1NDZjZGJjZDVhMTNkYjg4N2NiYjI2MTFkYTA0ZjVkMTc4MCJ9", "expire_date": "2020-05-26T19:25:36.866Z"}}, {"model": "sessions.session", "pk": "z5ne41pua2e2hls1fo6dlsdje759sso4", "fields": {"session_data": "MTFlNDAzYWMyMWY4MWQ3MzgyZTU4NmIzYjZjYTYyNWMyZTA0ZjNkMDp7Il9hdXRoX3VzZXJfaWQiOiIxNyIsIl9hdXRoX3VzZXJfYmFja2VuZCI6ImRqYW5nby5jb250cmliLmF1dGguYmFja2VuZHMuTW9kZWxCYWNrZW5kIiwiX2F1dGhfdXNlcl9oYXNoIjoiNjJiOTc3ZTRlYjgzOTU2YWY5ZjgyY2QzZjhmOTY2MzJhMjUwODgxZiJ9", "expire_date": "2020-05-26T19:05:46.662Z"}}, {"model": "sessions.session", "pk": "zdmay7lv0zhfenczz8hym2tds3urddv0", "fields": {"session_data": "ZjIyNDZkZDE1ZjdlZWRkNDUxZmVkOWFiNDY4MTc1NmRmYTgyNjMwYTp7Il9hdXRoX3VzZXJfaWQiOiIyMCIsIl9hdXRoX3VzZXJfYmFja2VuZCI6ImRqYW5nby5jb250cmliLmF1dGguYmFja2VuZHMuTW9kZWxCYWNrZW5kIiwiX2F1dGhfdXNlcl9oYXNoIjoiODYxNGFjNWFhMGM0OWY1MDM3ZDJjMTlkZGFlOTUwNjVlYTMxOTVlMCJ9", "expire_date": "2020-06-01T19:08:17.255Z"}}, {"model": "auth.permission", "pk": 1, "fields": {"name": "Can add queue", "content_type": 1, "codename": "add_queue"}}, {"model": "auth.permission", "pk": 2, "fields": {"name": "Can change queue", "content_type": 1, "codename": "change_queue"}}, {"model": "auth.permission", "pk": 3, "fields": {"name": "Can delete queue", "content_type": 1, "codename": "delete_queue"}}, {"model": "auth.permission", "pk": 4, "fields": {"name": "Can view queue", "content_type": 1, "codename": "view_queue"}}, {"model": "auth.permission", "pk": 5, "fields": {"name": "Can add user", "content_type": 2, "codename": "add_user"}}, {"model": "auth.permission", "pk": 6, "fields": {"name": "Can change user", "content_type": 2, "codename": "change_user"}}, {"model": "auth.permission", "pk": 7, "fields": {"name": "Can delete user", "content_type": 2, "codename": "delete_user"}}, {"model": "auth.permission", "pk": 8, "fields": {"name": "Can view user", "content_type": 2, "codename": "view_user"}}, {"model": "auth.permission", "pk": 9, "fields": {"name": "Can add user in queue", "content_type": 3, "codename": "add_userinqueue"}}, {"model": "auth.permission", "pk": 10, "fields": {"name": "Can change user in queue", "content_type": 3, "codename": "change_userinqueue"}}, {"model": "auth.permission", "pk": 11, "fields": {"name": "Can delete user in queue", "content_type": 3, "codename": "delete_userinqueue"}}, {"model": "auth.permission", "pk": 12, "fields": {"name": "Can view user in queue", "content_type": 3, "codename": "view_userinqueue"}}, {"model": "auth.permission", "pk": 13, "fields": {"name": "Can add log entry", "content_type": 4, "codename": "add_logentry"}}, {"model": "auth.permission", "pk": 14, "fields": {"name": "Can change log entry", "content_type": 4, "codename": "change_logentry"}}, {"model": "auth.permission", "pk": 15, "fields": {"name": "Can delete log entry", "content_type": 4, "codename": "delete_logentry"}}, {"model": "auth.permission", "pk": 16, "fields": {"name": "Can view log entry", "content_type": 4, "codename": "view_logentry"}}, {"model": "auth.permission", "pk": 17, "fields": {"name": "Can add permission", "content_type": 5, "codename": "add_permission"}}, {"model": "auth.permission", "pk": 18, "fields": {"name": "Can change permission", "content_type": 5, "codename": "change_permission"}}, {"model": "auth.permission", "pk": 19, "fields": {"name": "Can delete permission", "content_type": 5, "codename": "delete_permission"}}, {"model": "auth.permission", "pk": 20, "fields": {"name": "Can view permission", "content_type": 5, "codename": "view_permission"}}, {"model": "auth.permission", "pk": 21, "fields": {"name": "Can add group", "content_type": 6, "codename": "add_group"}}, {"model": "auth.permission", "pk": 22, "fields": {"name": "Can change group", "content_type": 6, "codename": "change_group"}}, {"model": "auth.permission", "pk": 23, "fields": {"name": "Can delete group", "content_type": 6, "codename": "delete_group"}}, {"model": "auth.permission", "pk": 24, "fields": {"name": "Can view group", "content_type": 6, "codename": "view_group"}}, {"model": "auth.permission", "pk": 25, "fields": {"name": "Can add user", "content_type": 7, "codename": "add_user"}}, {"model": "auth.permission", "pk": 26, "fields": {"name": "Can change user", "content_type": 7, "codename": "change_user"}}, {"model": "auth.permission", "pk": 27, "fields": {"name": "Can delete user", "content_type": 7, "codename": "delete_user"}}, {"model": "auth.permission", "pk": 28, "fields": {"name": "Can view user", "content_type": 7, "codename": "view_user"}}, {"model": "auth.permission", "pk": 29, "fields": {"name": "Can add content type", "content_type": 8, "codename": "add_contenttype"}}, {"model": "auth.permission", "pk": 30, "fields": {"name": "Can change content type", "content_type": 8, "codename": "change_contenttype"}}, {"model": "auth.permission", "pk": 31, "fields": {"name": "Can delete content type", "content_type": 8, "codename": "delete_contenttype"}}, {"model": "auth.permission", "pk": 32, "fields": {"name": "Can view content type", "content_type": 8, "codename": "view_contenttype"}}, {"model": "auth.permission", "pk": 33, "fields": {"name": "Can add session", "content_type": 9, "codename": "add_session"}}, {"model": "auth.permission", "pk": 34, "fields": {"name": "Can change session", "content_type": 9, "codename": "change_session"}}, {"model": "auth.permission", "pk": 35, "fields": {"name": "Can delete session", "content_type": 9, "codename": "delete_session"}}, {"model": "auth.permission", "pk": 36, "fields": {"name": "Can view session", "content_type": 9, "codename": "view_session"}}, {"model": "auth.permission", "pk": 37, "fields": {"name": "Can add Profile", "content_type": 10, "codename": "add_profile"}}, {"model": "auth.permission", "pk": 38, "fields": {"name": "Can change Profile", "content_type": 10, "codename": "change_profile"}}, {"model": "auth.permission", "pk": 39, "fields": {"name": "Can delete Profile", "content_type": 10, "codename": "delete_profile"}}, {"model": "auth.permission", "pk": 40, "fields": {"name": "Can view Profile", "content_type": 10, "codename": "view_profile"}}, {"model": "auth.user", "pk": 1, "fields": {"password": "pbkdf2_sha256$180000$CixJSosamQBn$KBc8x6FcCkuwhLaHijI5IFvvCQI/PWqiGOtbviOG9J4=", "last_login": "2020-05-14T12:48:23.898Z", "is_superuser": true, "username": "admin", "first_name": "", "last_name": "", "email": "admin@admin.admin", "is_staff": true, "is_active": true, "date_joined": "2020-05-07T17:41:56.928Z", "groups": [], "user_permissions": []}}, {"model": "auth.user", "pk": 8, "fields": {"password": "pbkdf2_sha256$180000$idz0DkdL1xWI$OOTjXEKtuOowyDzCbbfkzh2Gd+x8zy7PU1LxuVgv6ng=", "last_login": null, "is_superuser": false, "username": "qwerqwer", "first_name": "qwerqwer", "last_name": "qwerqwer", "email": "", "is_staff": false, "is_active": true, "date_joined": "2020-05-09T16:08:16.157Z", "groups": [], "user_permissions": []}}, {"model": "auth.user", "pk": 9, "fields": {"password": "pbkdf2_sha256$180000$PuabW6DGvwBS$YL6y3CIZ8uDjNNnk8YWOzrsHb1FFaN+vv4yE/hHeV20=", "last_login": "2020-05-12T16:25:45.591Z", "is_superuser": false, "username": "vlad", "first_name": "vlad", "last_name": "vlad", "email": "", "is_staff": false, "is_active": true, "date_joined": "2020-05-09T16:49:40.868Z", "groups": [], "user_permissions": []}}, {"model": "auth.user", "pk": 10, "fields": {"password": "pbkdf2_sha256$180000$4m6rKaezp18v$iaIzZ9u2axzAw83BDdTn9xW8yfVnfjdjEcO5erpWAtk=", "last_login": null, "is_superuser": false, "username": "qwer", "first_name": "qwer", "last_name": "qwer", "email": "", "is_staff": false, "is_active": true, "date_joined": "2020-05-09T16:53:53.159Z", "groups": [], "user_permissions": []}}, {"model": "auth.user", "pk": 11, "fields": {"password": "pbkdf2_sha256$180000$I9sMRU5wIg9A$vriVL2MgPBoSD9V+7c3+Z3qFf6q0RMPFNQXKB2W9Sl0=", "last_login": null, "is_superuser": false, "username": "qwerq", "first_name": "qwer", "last_name": "qwer", "email": "", "is_staff": false, "is_active": true, "date_joined": "2020-05-09T16:54:24.238Z", "groups": [], "user_permissions": []}}, {"model": "auth.user", "pk": 12, "fields": {"password": "pbkdf2_sha256$180000$2rOx87hS9pDb$v4xLGs+Poky5lTgOP1wAN61YJfCXLDgJci/GkOMCNTY=", "last_login": "2020-05-12T14:36:44.751Z", "is_superuser": false, "username": "igor", "first_name": "igor", "last_name": "igor", "email": "", "is_staff": false, "is_active": true, "date_joined": "2020-05-10T19:01:18.288Z", "groups": [], "user_permissions": []}}, {"model": "auth.user", "pk": 13, "fields": {"password": "pbkdf2_sha256$180000$BnLf5FmnNZSe$/0yqJE/h97iDv6IcOAcpRcmZM7uvnDi6csHnH2yO4fk=", "last_login": "2020-05-11T20:33:32.708Z", "is_superuser": false, "username": "ivan", "first_name": "ivan", "last_name": "ivan", "email": "", "is_staff": false, "is_active": true, "date_joined": "2020-05-11T11:36:41.848Z", "groups": [], "user_permissions": []}}, {"model": "auth.user", "pk": 14, "fields": {"password": "pbkdf2_sha256$180000$wmKfKKt3PaXs$AJs/s1RusLa+Yqe4R/RkSK8yJe4ijOWn4FHDgpntCwI=", "last_login": "2020-05-14T19:15:26.787Z", "is_superuser": false, "username": "vasya", "first_name": "\u0412\u0430\u0441\u0438\u043b\u0438\u0439", "last_name": "\u0424\u0435\u0434\u043e\u0440\u043e\u0432", "email": "", "is_staff": false, "is_active": true, "date_joined": "2020-05-11T12:04:42.594Z", "groups": [], "user_permissions": []}}, {"model": "auth.user", "pk": 15, "fields": {"password": "pbkdf2_sha256$180000$HEkgjoECTR1s$jyLGIzZ9ulxJgUnEIjAtGANh/10tQHTWmmPB94AwoPk=", "last_login": "2020-05-11T20:27:57.526Z", "is_superuser": false, "username": "slava", "first_name": "slava", "last_name": "slava", "email": "", "is_staff": false, "is_active": true, "date_joined": "2020-05-11T20:25:39.998Z", "groups": [], "user_permissions": []}}, {"model": "auth.user", "pk": 16, "fields": {"password": "pbkdf2_sha256$180000$hg9yIJFEift9$VVv4mQW6gNcfnNh5/Im9n2NA6n0yOse9vguhMjYBfcU=", "last_login": "2020-05-12T16:38:02.948Z", "is_superuser": false, "username": "petya", "first_name": "petya", "last_name": "petya", "email": "", "is_staff": false, "is_active": true, "date_joined": "2020-05-12T16:37:57.039Z", "groups": [], "user_permissions": []}}, {"model": "auth.user", "pk": 17, "fields": {"password": "pbkdf2_sha256$180000$Y0FXRWPNO0mm$jvfCIh1777k8JpVczefeR1HTop6rpSDVCObo2OrYrbE=", "last_login": "2020-05-13T11:40:35.873Z", "is_superuser": false, "username": "Makar", "first_name": "Makar", "last_name": "Pundis", "email": "", "is_staff": false, "is_active": true, "date_joined": "2020-05-12T19:05:24.372Z", "groups": [], "user_permissions": []}}, {"model": "auth.user", "pk": 18, "fields": {"password": "pbkdf2_sha256$180000$Dj6HfXsEXq7M$UCp9khTm5Xoq1b/Dd9XCaTiKONryngePV9uyCcIippQ=", "last_login": "2020-05-13T11:39:21.350Z", "is_superuser": false, "username": "qpo", "first_name": "q", "last_name": "p", "email": "", "is_staff": false, "is_active": true, "date_joined": "2020-05-12T19:07:44.667Z", "groups": [], "user_permissions": []}}, {"model": "auth.user", "pk": 20, "fields": {"password": "pbkdf2_sha256$180000$gzkBxF60sjHr$pL1KNSHZsYK5qokzD7WtqUaSRi8HQlBaAtk0lU7fuJ4=", "last_login": "2020-05-18T19:08:17.243Z", "is_superuser": false, "username": "dembyvlad", "first_name": "\u0412\u043b\u0430\u0434", "last_name": "\u041b\u0443\u043a\u0430\u0448\u0451\u043d\u043e\u043a", "email": "", "is_staff": false, "is_active": true, "date_joined": "2020-05-12T19:17:09.009Z", "groups": [], "user_permissions": []}}, {"model": "auth.user", "pk": 21, "fields": {"password": "pbkdf2_sha256$180000$lByPLGzqRzDY$m07QC5hUsfXPBW9MEAX1/uqZaiBxezxXOo/oq9SKr7Y=", "last_login": "2020-05-12T19:25:38.698Z", "is_superuser": false, "username": "vanyuck", "first_name": "Andrey", "last_name": "Vanyuck", "email": "", "is_staff": false, "is_active": true, "date_joined": "2020-05-12T19:24:49.214Z", "groups": [], "user_permissions": []}}, {"model": "auth.user", "pk": 22, "fields": {"password": "pbkdf2_sha256$180000$6eBsNocZa0zp$NvAcy4nS5nkh0ApZFjvbCvvI4rx/pgrB58RFf8oP4Rc=", "last_login": "2020-05-12T19:25:36.727Z", "is_superuser": false, "username": "artykisa", "first_name": "\u0410\u0440\u0442\u0451\u043c", "last_name": "\u041a\u0438\u0441\u0443\u0440\u0438\u043d", "email": "", "is_staff": false, "is_active": true, "date_joined": "2020-05-12T19:25:22.388Z", "groups": [], "user_permissions": []}}, {"model": "auth.user", "pk": 23, "fields": {"password": "pbkdf2_sha256$180000$hvTgOVvnA5Dy$+2gBV/HLJZrAabbG/1H4hc2u2FavUa3HcBEMwFIAAYI=", "last_login": "2020-05-14T12:20:04.330Z", "is_superuser": false, "username": "vanuck", "first_name": "Andrey", "last_name": "Vanyuck", "email": "", "is_staff": false, "is_active": true, "date_joined": "2020-05-12T19:27:07.100Z", "groups": [], "user_permissions": []}}, {"model": "auth.user", "pk": 24, "fields": {"password": "pbkdf2_sha256$180000$ePo5B2NCA71v$VoBXg4JIgvHZt1Gs3LaFdY6uS6aikC3JaVHWJq09UG4=", "last_login": "2020-05-12T19:28:42.158Z", "is_superuser": false, "username": "danya", "first_name": "danila", "last_name": "golovenko", "email": "", "is_staff": false, "is_active": true, "date_joined": "2020-05-12T19:28:32.191Z", "groups": [], "user_permissions": []}}, {"model": "auth.user", "pk": 25, "fields": {"password": "pbkdf2_sha256$180000$nOXCyGoNGq1T$TnONaOue4yUge2BdCui+KOq8xBBgJwrPpjicsGzNELg=", "last_login": "2020-05-12T20:12:27.229Z", "is_superuser": false, "username": "asdf", "first_name": "asdf", "last_name": "asdf", "email": "", "is_staff": false, "is_active": true, "date_joined": "2020-05-12T20:12:16.627Z", "groups": [], "user_permissions": []}}, {"model": "auth.user", "pk": 26, "fields": {"password": "pbkdf2_sha256$180000$wvMUjs7hYUnz$6+f2BiO6D8yc7OZPBv3RLThVR0tZd5ahea+yQI8+Pr0=", "last_login": "2020-05-13T00:55:42.401Z", "is_superuser": false, "username": "\u041f\u0443\u0444\u0438\u043a", "first_name": "\u0410\u0440\u0442\u0443\u0440", "last_name": "\u0425\u0430\u043b\u0438\u043f\u043e\u0432", "email": "", "is_staff": false, "is_active": true, "date_joined": "2020-05-13T00:55:35.695Z", "groups": [], "user_permissions": []}}, {"model": "auth.user", "pk": 27, "fields": {"password": "pbkdf2_sha256$180000$RfhfIdFSJlJo$aX7q5UIbEih1iwaaimbb3O4rvLuNA4Vkwmh22TzJk+s=", "last_login": null, "is_superuser": false, "username": "roman_grek", "first_name": "\u0420\u043e\u043c\u0430\u043d", "last_name": "\u0413\u0440\u0435\u043a", "email": "", "is_staff": false, "is_active": true, "date_joined": "2020-05-13T07:45:53.536Z", "groups": [], "user_permissions": []}}, {"model": "auth.user", "pk": 28, "fields": {"password": "pbkdf2_sha256$180000$gK9ZHvXGNWHK$vnG5Yf315M40MWJLhvxjyalkdQ2FCev21WZEdzJq7TQ=", "last_login": "2020-05-13T07:46:40.478Z", "is_superuser": false, "username": "Skeptic", "first_name": "\u0420\u043e\u043c\u0430\u043d", "last_name": "\u0413\u0440\u0435\u043a", "email": "", "is_staff": false, "is_active": true, "date_joined": "2020-05-13T07:46:33.240Z", "groups": [], "user_permissions": []}}, {"model": "auth.user", "pk": 29, "fields": {"password": "pbkdf2_sha256$180000$3Sb4yULkfQTv$hem/xcwZDExzt0tmGilIclxX8Ui9hGT6P/9prLyHc/w=", "last_login": "2020-05-13T22:22:45.350Z", "is_superuser": false, "username": "andreyess", "first_name": "\u0410\u043d\u0434\u0440\u0435\u0439", "last_name": "\u041a\u0430\u0440\u043f\u044b\u0437\u0430", "email": "", "is_staff": false, "is_active": true, "date_joined": "2020-05-13T08:35:10.750Z", "groups": [], "user_permissions": []}}, {"model": "auth.user", "pk": 30, "fields": {"password": "pbkdf2_sha256$180000$1ebkrFLCSYKh$gmN3lFHbQ1bX4oUGjZw2LG69Dz6kBQB+aEAqYfUAZqc=", "last_login": "2020-05-13T08:59:22.698Z", "is_superuser": false, "username": "DimaShkad", "first_name": "Dmitry", "last_name": "Shkadarevich", "email": "", "is_staff": false, "is_active": true, "date_joined": "2020-05-13T08:59:13.602Z", "groups": [], "user_permissions": []}}, {"model": "auth.user", "pk": 31, "fields": {"password": "pbkdf2_sha256$180000$BCLKPH1Lmp7f$fArNVoEpJfqebzjuFD6VbQO4S9TCyZxqmhti/1TITxE=", "last_login": "2020-05-13T11:40:03.547Z", "is_superuser": false, "username": "evashinko", "first_name": "Evgeniy", "last_name": "Vashinko", "email": "", "is_staff": false, "is_active": true, "date_joined": "2020-05-13T11:38:34.179Z", "groups": [], "user_permissions": []}}, {"model": "auth.user", "pk": 32, "fields": {"password": "pbkdf2_sha256$180000$7pyDwQOyE6cN$pUXUCYYc7nP6vXJg0iNMM4s9umggGqTpKmOLNQFViJc=", "last_login": "2020-05-14T12:13:25.568Z", "is_superuser": false, "username": "AlexK", "first_name": "Alexander", "last_name": "Kulsha", "email": "", "is_staff": false, "is_active": true, "date_joined": "2020-05-14T12:13:13.272Z", "groups": [], "user_permissions": []}}, {"model": "auth.user", "pk": 33, "fields": {"password": "pbkdf2_sha256$180000$QP19KY3wiFiV$Ny5pNHe2fyNhdzNb3LsrvLwYQIY34DBY1tQesYEZAyw=", "last_login": "2020-05-14T12:53:11.667Z", "is_superuser": false, "username": "dimasiandro", "first_name": "\u0414\u043c\u0438\u0442\u0440\u0438\u0439", "last_name": "\u0411\u0435\u043b\u043e\u0446\u043a\u0438\u0439", "email": "", "is_staff": false, "is_active": true, "date_joined": "2020-05-14T12:52:59.427Z", "groups": [], "user_permissions": []}}, {"model": "auth.user", "pk": 34, "fields": {"password": "pbkdf2_sha256$180000$umgTlrxKONJh$c8xThyhP7bqw954f2SLMbGwbaVpP6Laefr/3vfezx+Q=", "last_login": "2020-05-14T13:01:43.785Z", "is_superuser": false, "username": "artsiomshut", "first_name": "Artsiom", "last_name": "Shut", "email": "", "is_staff": false, "is_active": true, "date_joined": "2020-05-14T13:01:38.591Z", "groups": [], "user_permissions": []}}, {"model": "auth.user", "pk": 35, "fields": {"password": "pbkdf2_sha256$180000$6X9NbgQpI9n7$k1IBkdxqtDGWSLUo/40t+Qg9Iz1hsZpQWDRHX8AR8l8=", "last_login": "2020-05-14T13:08:30.544Z", "is_superuser": false, "username": "KuplevichMax", "first_name": "\u041c\u0430\u043a\u0441\u0438\u043c", "last_name": "\u041a\u0443\u043f\u043b\u0435\u0432\u0438\u0447", "email": "", "is_staff": false, "is_active": true, "date_joined": "2020-05-14T13:08:19.521Z", "groups": [], "user_permissions": []}}, {"model": "auth.user", "pk": 36, "fields": {"password": "", "last_login": null, "is_superuser": false, "username": "", "first_name": "vasya", "last_name": "vsaya", "email": "", "is_staff": false, "is_active": true, "date_joined": "2020-05-14T18:26:18.220Z", "groups": [], "user_permissions": []}}, {"model": "admin.logentry", "pk": 1, "fields": {"action_time": "2020-05-07T20:23:35.235Z", "user": 1, "content_type": 7, "object_id": "2", "object_repr": "qwerty", "action_flag": 1, "change_message": "[{\"added\": {}}]"}}, {"model": "admin.logentry", "pk": 2, "fields": {"action_time": "2020-05-07T20:23:51.573Z", "user": 1, "content_type": 7, "object_id": "2", "object_repr": "qwerty", "action_flag": 2, "change_message": "[]"}}, {"model": "admin.logentry", "pk": 3, "fields": {"action_time": "2020-05-07T21:21:20.600Z", "user": 1, "content_type": 1, "object_id": "2", "object_repr": "queue with idSecond", "action_flag": 1, "change_message": "[{\"added\": {}}]"}}, {"model": "admin.logentry", "pk": 4, "fields": {"action_time": "2020-05-09T11:29:09.645Z", "user": 1, "content_type": 7, "object_id": "3", "object_repr": "123123123", "action_flag": 3, "change_message": ""}}, {"model": "admin.logentry", "pk": 5, "fields": {"action_time": "2020-05-09T11:29:09.657Z", "user": 1, "content_type": 7, "object_id": "2", "object_repr": "qwerty", "action_flag": 3, "change_message": ""}}, {"model": "admin.logentry", "pk": 6, "fields": {"action_time": "2020-05-09T11:29:36.744Z", "user": 1, "content_type": 7, "object_id": "4", "object_repr": "hallo", "action_flag": 1, "change_message": "[{\"added\": {}}]"}}, {"model": "admin.logentry", "pk": 7, "fields": {"action_time": "2020-05-09T11:30:20.798Z", "user": 1, "content_type": 7, "object_id": "4", "object_repr": "hallo", "action_flag": 2, "change_message": "[]"}}, {"model": "admin.logentry", "pk": 8, "fields": {"action_time": "2020-05-09T12:05:56.166Z", "user": 1, "content_type": 10, "object_id": "1", "object_repr": "Profile object (1)", "action_flag": 1, "change_message": "[{\"added\": {}}]"}}, {"model": "admin.logentry", "pk": 9, "fields": {"action_time": "2020-05-09T16:05:54.938Z", "user": 1, "content_type": 7, "object_id": "6", "object_repr": "", "action_flag": 3, "change_message": ""}}, {"model": "admin.logentry", "pk": 10, "fields": {"action_time": "2020-05-09T16:05:54.949Z", "user": 1, "content_type": 7, "object_id": "4", "object_repr": "hallo", "action_flag": 3, "change_message": ""}}, {"model": "admin.logentry", "pk": 11, "fields": {"action_time": "2020-05-09T16:05:54.956Z", "user": 1, "content_type": 7, "object_id": "5", "object_repr": "qwer", "action_flag": 3, "change_message": ""}}, {"model": "admin.logentry", "pk": 12, "fields": {"action_time": "2020-05-09T16:05:54.963Z", "user": 1, "content_type": 7, "object_id": "7", "object_repr": "qwerqwer", "action_flag": 3, "change_message": ""}}, {"model": "admin.logentry", "pk": 13, "fields": {"action_time": "2020-05-09T23:51:52.303Z", "user": 1, "content_type": 3, "object_id": "1", "object_repr": "user 9 in queue 1 init queue", "action_flag": 1, "change_message": "[{\"added\": {}}]"}}, {"model": "admin.logentry", "pk": 14, "fields": {"action_time": "2020-05-09T23:51:59.909Z", "user": 1, "content_type": 3, "object_id": "2", "object_repr": "user 8 in queue 1 init queue", "action_flag": 1, "change_message": "[{\"added\": {}}]"}}, {"model": "admin.logentry", "pk": 15, "fields": {"action_time": "2020-05-09T23:52:05.688Z", "user": 1, "content_type": 3, "object_id": "3", "object_repr": "user 11 in queue 1 init queue", "action_flag": 1, "change_message": "[{\"added\": {}}]"}}, {"model": "admin.logentry", "pk": 16, "fields": {"action_time": "2020-05-10T00:02:03.343Z", "user": 1, "content_type": 3, "object_id": "3", "object_repr": "user 11 in queue 1 init queue", "action_flag": 3, "change_message": ""}}, {"model": "admin.logentry", "pk": 17, "fields": {"action_time": "2020-05-10T00:02:03.352Z", "user": 1, "content_type": 3, "object_id": "2", "object_repr": "user 8 in queue 1 init queue", "action_flag": 3, "change_message": ""}}, {"model": "admin.logentry", "pk": 18, "fields": {"action_time": "2020-05-10T00:02:03.359Z", "user": 1, "content_type": 3, "object_id": "1", "object_repr": "user 9 in queue 1 init queue", "action_flag": 3, "change_message": ""}}, {"model": "admin.logentry", "pk": 19, "fields": {"action_time": "2020-05-10T17:06:32.871Z", "user": 1, "content_type": 3, "object_id": "14", "object_repr": "user 9 in queue 1 init queue", "action_flag": 3, "change_message": ""}}, {"model": "admin.logentry", "pk": 20, "fields": {"action_time": "2020-05-10T17:18:15.205Z", "user": 1, "content_type": 3, "object_id": "24", "object_repr": "user 9 in queue 1 init queue", "action_flag": 3, "change_message": ""}}, {"model": "admin.logentry", "pk": 21, "fields": {"action_time": "2020-05-10T17:18:15.214Z", "user": 1, "content_type": 3, "object_id": "23", "object_repr": "user 9 in queue 1 init queue", "action_flag": 3, "change_message": ""}}, {"model": "admin.logentry", "pk": 22, "fields": {"action_time": "2020-05-10T17:18:15.220Z", "user": 1, "content_type": 3, "object_id": "22", "object_repr": "user 9 in queue 1 init queue", "action_flag": 3, "change_message": ""}}, {"model": "admin.logentry", "pk": 23, "fields": {"action_time": "2020-05-10T17:18:15.230Z", "user": 1, "content_type": 3, "object_id": "21", "object_repr": "user 9 in queue 1 init queue", "action_flag": 3, "change_message": ""}}, {"model": "admin.logentry", "pk": 24, "fields": {"action_time": "2020-05-10T17:18:15.237Z", "user": 1, "content_type": 3, "object_id": "20", "object_repr": "user 9 in queue 1 init queue", "action_flag": 3, "change_message": ""}}, {"model": "admin.logentry", "pk": 25, "fields": {"action_time": "2020-05-10T20:13:29.022Z", "user": 1, "content_type": 3, "object_id": "92", "object_repr": "user 9 in queue 1 init queue", "action_flag": 3, "change_message": ""}}, {"model": "admin.logentry", "pk": 26, "fields": {"action_time": "2020-05-10T20:13:29.036Z", "user": 1, "content_type": 3, "object_id": "89", "object_repr": "user 12 in queue 1 init queue", "action_flag": 3, "change_message": ""}}, {"model": "admin.logentry", "pk": 27, "fields": {"action_time": "2020-05-10T20:15:45.453Z", "user": 1, "content_type": 3, "object_id": "93", "object_repr": "user 9 in queue 1 init queue", "action_flag": 3, "change_message": ""}}, {"model": "admin.logentry", "pk": 28, "fields": {"action_time": "2020-05-10T21:43:10.156Z", "user": 1, "content_type": 3, "object_id": "98", "object_repr": "user 12 in queue 1 init queue", "action_flag": 2, "change_message": "[{\"changed\": {\"fields\": [\"\\u041f\\u043e\\u0440\\u044f\\u0434\\u043a\\u043e\\u0432\\u044b\\u0439 \\u043d\\u043e\\u043c\\u0435\\u0440 \\u0432 \\u043e\\u0447\\u0435\\u0440\\u0435\\u0434\\u0438\"]}}]"}}, {"model": "admin.logentry", "pk": 29, "fields": {"action_time": "2020-05-11T13:11:03.417Z", "user": 1, "content_type": 3, "object_id": "102", "object_repr": "user 13 in queue 1 init queue", "action_flag": 2, "change_message": "[{\"changed\": {\"fields\": [\"\\u041f\\u043e\\u0440\\u044f\\u0434\\u043a\\u043e\\u0432\\u044b\\u0439 \\u043d\\u043e\\u043c\\u0435\\u0440 \\u0432 \\u043e\\u0447\\u0435\\u0440\\u0435\\u0434\\u0438\"]}}]"}}, {"model": "admin.logentry", "pk": 30, "fields": {"action_time": "2020-05-11T13:11:12.489Z", "user": 1, "content_type": 3, "object_id": "107", "object_repr": "user 14 in queue 1 init queue", "action_flag": 2, "change_message": "[{\"changed\": {\"fields\": [\"\\u041f\\u043e\\u0440\\u044f\\u0434\\u043a\\u043e\\u0432\\u044b\\u0439 \\u043d\\u043e\\u043c\\u0435\\u0440 \\u0432 \\u043e\\u0447\\u0435\\u0440\\u0435\\u0434\\u0438\"]}}]"}}, {"model": "admin.logentry", "pk": 31, "fields": {"action_time": "2020-05-11T13:12:02.760Z", "user": 1, "content_type": 3, "object_id": "102", "object_repr": "user 13 in queue 1 init queue", "action_flag": 2, "change_message": "[{\"changed\": {\"fields\": [\"\\u041f\\u043e\\u0440\\u044f\\u0434\\u043a\\u043e\\u0432\\u044b\\u0439 \\u043d\\u043e\\u043c\\u0435\\u0440 \\u0432 \\u043e\\u0447\\u0435\\u0440\\u0435\\u0434\\u0438\"]}}]"}}, {"model": "admin.logentry", "pk": 32, "fields": {"action_time": "2020-05-12T19:16:09.668Z", "user": 1, "content_type": 7, "object_id": "19", "object_repr": "dembyvlad", "action_flag": 3, "change_message": ""}}, {"model": "admin.logentry", "pk": 33, "fields": {"action_time": "2020-05-12T19:19:16.658Z", "user": 1, "content_type": 1, "object_id": "9", "object_repr": "9 \u0432\u043f", "action_flag": 3, "change_message": ""}}, {"model": "admin.logentry", "pk": 34, "fields": {"action_time": "2020-05-12T19:19:16.685Z", "user": 1, "content_type": 1, "object_id": "7", "object_repr": "7 hg", "action_flag": 3, "change_message": ""}}, {"model": "admin.logentry", "pk": 35, "fields": {"action_time": "2020-05-12T19:19:16.714Z", "user": 1, "content_type": 1, "object_id": "2", "object_repr": "2 Second", "action_flag": 3, "change_message": ""}}, {"model": "admin.logentry", "pk": 36, "fields": {"action_time": "2020-05-12T19:19:16.803Z", "user": 1, "content_type": 1, "object_id": "1", "object_repr": "1 init queue", "action_flag": 3, "change_message": ""}}, {"model": "lab_queue.profile", "pk": 4, "fields": {"user": 8, "user_type": "student", "user_group": 12341234}}, {"model": "lab_queue.profile", "pk": 5, "fields": {"user": 9, "user_type": "student", "user_group": 853506}}, {"model": "lab_queue.profile", "pk": 6, "fields": {"user": 10, "user_type": "student", "user_group": 12341234}}, {"model": "lab_queue.profile", "pk": 7, "fields": {"user": 11, "user_type": "student", "user_group": 12341234}}, {"model": "lab_queue.profile", "pk": 8, "fields": {"user": 12, "user_type": "student", "user_group": 853506}}, {"model": "lab_queue.profile", "pk": 9, "fields": {"user": 13, "user_type": "student", "user_group": 853501}}, {"model": "lab_queue.profile", "pk": 10, "fields": {"user": 14, "user_type": "headman", "user_group": 853506}}, {"model": "lab_queue.profile", "pk": 11, "fields": {"user": 15, "user_type": "headman", "user_group": 853502}}, {"model": "lab_queue.profile", "pk": 12, "fields": {"user": 16, "user_type": "student", "user_group": 853501}}, {"model": "lab_queue.profile", "pk": 13, "fields": {"user": 17, "user_type": "headman", "user_group": 853506}}, {"model": "lab_queue.profile", "pk": 14, "fields": {"user": 18, "user_type": "headman", "user_group": 853506}}, {"model": "lab_queue.profile", "pk": 16, "fields": {"user": 20, "user_type": "student", "user_group": 853506}}, {"model": "lab_queue.profile", "pk": 17, "fields": {"user": 21, "user_type": "student", "user_group": 1}}, {"model": "lab_queue.profile", "pk": 18, "fields": {"user": 22, "user_type": "student", "user_group": 853506}}, {"model": "lab_queue.profile", "pk": 19, "fields": {"user": 23, "user_type": "student", "user_group": 6}}, {"model": "lab_queue.profile", "pk": 20, "fields": {"user": 24, "user_type": "student", "user_group": 6}}, {"model": "lab_queue.profile", "pk": 21, "fields": {"user": 25, "user_type": "student", "user_group": 123}}, {"model": "lab_queue.profile", "pk": 22, "fields": {"user": 26, "user_type": "student", "user_group": 853506}}, {"model": "lab_queue.profile", "pk": 23, "fields": {"user": 27, "user_type": "student", "user_group": 853506}}, {"model": "lab_queue.profile", "pk": 24, "fields": {"user": 28, "user_type": "student", "user_group": 853506}}, {"model": "lab_queue.profile", "pk": 25, "fields": {"user": 29, "user_type": "student", "user_group": 853506}}, {"model": "lab_queue.profile", "pk": 26, "fields": {"user": 30, "user_type": "student", "user_group": 853506}}, {"model": "lab_queue.profile", "pk": 27, "fields": {"user": 31, "user_type": "student", "user_group": 853506}}, {"model": "lab_queue.profile", "pk": 28, "fields": {"user": 32, "user_type": "student", "user_group": 853506}}, {"model": "lab_queue.profile", "pk": 29, "fields": {"user": 33, "user_type": "student", "user_group": 853506}}, {"model": "lab_queue.profile", "pk": 30, "fields": {"user": 34, "user_type": "student", "user_group": 853506}}, {"model": "lab_queue.profile", "pk": 31, "fields": {"user": 35, "user_type": "student", "user_group": 6}}, {"model": "lab_queue.profile", "pk": 32, "fields": {"user": 36, "user_type": "headman", "user_group": 853506}}]