PRAGMA foreign_keys=OFF;
BEGIN TRANSACTION;
CREATE TABLE IF NOT EXISTS "django_migrations" ("id" integer NOT NULL PRIMARY KEY AUTOINCREMENT, "app" varchar(255) NOT NULL, "name" varchar(255) NOT NULL, "applied" datetime NOT NULL);
INSERT INTO django_migrations VALUES(1,'contenttypes','0001_initial','2020-05-07 16:35:18.418361');
INSERT INTO django_migrations VALUES(2,'auth','0001_initial','2020-05-07 16:35:18.440247');
INSERT INTO django_migrations VALUES(3,'admin','0001_initial','2020-05-07 16:35:18.467721');
INSERT INTO django_migrations VALUES(4,'admin','0002_logentry_remove_auto_add','2020-05-07 16:35:18.487420');
INSERT INTO django_migrations VALUES(5,'admin','0003_logentry_add_action_flag_choices','2020-05-07 16:35:18.504333');
INSERT INTO django_migrations VALUES(6,'contenttypes','0002_remove_content_type_name','2020-05-07 16:35:18.527466');
INSERT INTO django_migrations VALUES(7,'auth','0002_alter_permission_name_max_length','2020-05-07 16:35:18.541931');
INSERT INTO django_migrations VALUES(8,'auth','0003_alter_user_email_max_length','2020-05-07 16:35:18.558577');
INSERT INTO django_migrations VALUES(9,'auth','0004_alter_user_username_opts','2020-05-07 16:35:18.589289');
INSERT INTO django_migrations VALUES(10,'auth','0005_alter_user_last_login_null','2020-05-07 16:35:18.607044');
INSERT INTO django_migrations VALUES(11,'auth','0006_require_contenttypes_0002','2020-05-07 16:35:18.613489');
INSERT INTO django_migrations VALUES(12,'auth','0007_alter_validators_add_error_messages','2020-05-07 16:35:18.632324');
INSERT INTO django_migrations VALUES(13,'auth','0008_alter_user_username_max_length','2020-05-07 16:35:18.648047');
INSERT INTO django_migrations VALUES(14,'auth','0009_alter_user_last_name_max_length','2020-05-07 16:35:18.663062');
INSERT INTO django_migrations VALUES(15,'auth','0010_alter_group_name_max_length','2020-05-07 16:35:18.676513');
INSERT INTO django_migrations VALUES(16,'auth','0011_update_proxy_permissions','2020-05-07 16:35:18.688008');
INSERT INTO django_migrations VALUES(17,'lab_queue','0001_initial','2020-05-07 16:35:18.698994');
INSERT INTO django_migrations VALUES(18,'lab_queue','0002_auto_20200507_1556','2020-05-07 16:35:18.711337');
INSERT INTO django_migrations VALUES(19,'sessions','0001_initial','2020-05-07 16:35:18.722308');
INSERT INTO django_migrations VALUES(20,'lab_queue','0003_auto_20200507_1819','2020-05-07 18:19:46.054252');
INSERT INTO django_migrations VALUES(21,'lab_queue','0004_auto_20200507_2055','2020-05-07 20:55:28.870672');
INSERT INTO django_migrations VALUES(22,'lab_queue','0005_auto_20200507_2126','2020-05-07 21:26:41.355110');
INSERT INTO django_migrations VALUES(23,'lab_queue','0006_auto_20200509_1128','2020-05-09 11:28:32.967221');
INSERT INTO django_migrations VALUES(24,'lab_queue','0007_auto_20200509_1128','2020-05-09 11:28:32.993616');
INSERT INTO django_migrations VALUES(25,'lab_queue','0008_auto_20200510_0000','2020-05-10 00:01:10.951288');
INSERT INTO django_migrations VALUES(26,'lab_queue','0009_userinqueue_uiq_want_to_swap','2020-05-10 19:13:50.459522');
INSERT INTO django_migrations VALUES(27,'lab_queue','0010_userinqueue_uiq_index','2020-05-10 20:12:18.644868');
INSERT INTO django_migrations VALUES(28,'lab_queue','0011_auto_20200511_1415','2020-05-11 14:15:27.438886');
INSERT INTO django_migrations VALUES(29,'lab_queue','0012_auto_20200511_1801','2020-05-11 18:01:10.964782');
CREATE TABLE IF NOT EXISTS "auth_group_permissions" ("id" integer NOT NULL PRIMARY KEY AUTOINCREMENT, "group_id" integer NOT NULL REFERENCES "auth_group" ("id") DEFERRABLE INITIALLY DEFERRED, "permission_id" integer NOT NULL REFERENCES "auth_permission" ("id") DEFERRABLE INITIALLY DEFERRED);
CREATE TABLE IF NOT EXISTS "auth_user_groups" ("id" integer NOT NULL PRIMARY KEY AUTOINCREMENT, "user_id" integer NOT NULL REFERENCES "auth_user" ("id") DEFERRABLE INITIALLY DEFERRED, "group_id" integer NOT NULL REFERENCES "auth_group" ("id") DEFERRABLE INITIALLY DEFERRED);
CREATE TABLE IF NOT EXISTS "auth_user_user_permissions" ("id" integer NOT NULL PRIMARY KEY AUTOINCREMENT, "user_id" integer NOT NULL REFERENCES "auth_user" ("id") DEFERRABLE INITIALLY DEFERRED, "permission_id" integer NOT NULL REFERENCES "auth_permission" ("id") DEFERRABLE INITIALLY DEFERRED);
CREATE TABLE IF NOT EXISTS "django_admin_log" ("id" integer NOT NULL PRIMARY KEY AUTOINCREMENT, "action_time" datetime NOT NULL, "object_id" text NULL, "object_repr" varchar(200) NOT NULL, "change_message" text NOT NULL, "content_type_id" integer NULL REFERENCES "django_content_type" ("id") DEFERRABLE INITIALLY DEFERRED, "user_id" integer NOT NULL REFERENCES "auth_user" ("id") DEFERRABLE INITIALLY DEFERRED, "action_flag" smallint unsigned NOT NULL CHECK ("action_flag" >= 0));
INSERT INTO django_admin_log VALUES(1,'2020-05-07 20:23:35.235342','2','qwerty','[{"added": {}}]',7,1,1);
INSERT INTO django_admin_log VALUES(2,'2020-05-07 20:23:51.573208','2','qwerty','[]',7,1,2);
INSERT INTO django_admin_log VALUES(3,'2020-05-07 21:21:20.600041','2','queue with idSecond','[{"added": {}}]',1,1,1);
INSERT INTO django_admin_log VALUES(4,'2020-05-09 11:29:09.645998','3','123123123','',7,1,3);
INSERT INTO django_admin_log VALUES(5,'2020-05-09 11:29:09.657446','2','qwerty','',7,1,3);
INSERT INTO django_admin_log VALUES(6,'2020-05-09 11:29:36.744357','4','hallo','[{"added": {}}]',7,1,1);
INSERT INTO django_admin_log VALUES(7,'2020-05-09 11:30:20.798141','4','hallo','[]',7,1,2);
INSERT INTO django_admin_log VALUES(8,'2020-05-09 12:05:56.166405','1','Profile object (1)','[{"added": {}}]',10,1,1);
INSERT INTO django_admin_log VALUES(9,'2020-05-09 16:05:54.938137','6','','',7,1,3);
INSERT INTO django_admin_log VALUES(10,'2020-05-09 16:05:54.949318','4','hallo','',7,1,3);
INSERT INTO django_admin_log VALUES(11,'2020-05-09 16:05:54.956682','5','qwer','',7,1,3);
INSERT INTO django_admin_log VALUES(12,'2020-05-09 16:05:54.963725','7','qwerqwer','',7,1,3);
INSERT INTO django_admin_log VALUES(13,'2020-05-09 23:51:52.303847','1','user 9 in queue 1 init queue','[{"added": {}}]',3,1,1);
INSERT INTO django_admin_log VALUES(14,'2020-05-09 23:51:59.909980','2','user 8 in queue 1 init queue','[{"added": {}}]',3,1,1);
INSERT INTO django_admin_log VALUES(15,'2020-05-09 23:52:05.688061','3','user 11 in queue 1 init queue','[{"added": {}}]',3,1,1);
INSERT INTO django_admin_log VALUES(16,'2020-05-10 00:02:03.343477','3','user 11 in queue 1 init queue','',3,1,3);
INSERT INTO django_admin_log VALUES(17,'2020-05-10 00:02:03.352915','2','user 8 in queue 1 init queue','',3,1,3);
INSERT INTO django_admin_log VALUES(18,'2020-05-10 00:02:03.359553','1','user 9 in queue 1 init queue','',3,1,3);
INSERT INTO django_admin_log VALUES(19,'2020-05-10 17:06:32.871342','14','user 9 in queue 1 init queue','',3,1,3);
INSERT INTO django_admin_log VALUES(20,'2020-05-10 17:18:15.205471','24','user 9 in queue 1 init queue','',3,1,3);
INSERT INTO django_admin_log VALUES(21,'2020-05-10 17:18:15.214952','23','user 9 in queue 1 init queue','',3,1,3);
INSERT INTO django_admin_log VALUES(22,'2020-05-10 17:18:15.220987','22','user 9 in queue 1 init queue','',3,1,3);
INSERT INTO django_admin_log VALUES(23,'2020-05-10 17:18:15.230404','21','user 9 in queue 1 init queue','',3,1,3);
INSERT INTO django_admin_log VALUES(24,'2020-05-10 17:18:15.237243','20','user 9 in queue 1 init queue','',3,1,3);
INSERT INTO django_admin_log VALUES(25,'2020-05-10 20:13:29.022683','92','user 9 in queue 1 init queue','',3,1,3);
INSERT INTO django_admin_log VALUES(26,'2020-05-10 20:13:29.036864','89','user 12 in queue 1 init queue','',3,1,3);
INSERT INTO django_admin_log VALUES(27,'2020-05-10 20:15:45.453035','93','user 9 in queue 1 init queue','',3,1,3);
INSERT INTO django_admin_log VALUES(28,'2020-05-10 21:43:10.156496','98','user 12 in queue 1 init queue','[{"changed": {"fields": ["\u041f\u043e\u0440\u044f\u0434\u043a\u043e\u0432\u044b\u0439 \u043d\u043e\u043c\u0435\u0440 \u0432 \u043e\u0447\u0435\u0440\u0435\u0434\u0438"]}}]',3,1,2);
INSERT INTO django_admin_log VALUES(29,'2020-05-11 13:11:03.417629','102','user 13 in queue 1 init queue','[{"changed": {"fields": ["\u041f\u043e\u0440\u044f\u0434\u043a\u043e\u0432\u044b\u0439 \u043d\u043e\u043c\u0435\u0440 \u0432 \u043e\u0447\u0435\u0440\u0435\u0434\u0438"]}}]',3,1,2);
INSERT INTO django_admin_log VALUES(30,'2020-05-11 13:11:12.489182','107','user 14 in queue 1 init queue','[{"changed": {"fields": ["\u041f\u043e\u0440\u044f\u0434\u043a\u043e\u0432\u044b\u0439 \u043d\u043e\u043c\u0435\u0440 \u0432 \u043e\u0447\u0435\u0440\u0435\u0434\u0438"]}}]',3,1,2);
INSERT INTO django_admin_log VALUES(31,'2020-05-11 13:12:02.760241','102','user 13 in queue 1 init queue','[{"changed": {"fields": ["\u041f\u043e\u0440\u044f\u0434\u043a\u043e\u0432\u044b\u0439 \u043d\u043e\u043c\u0435\u0440 \u0432 \u043e\u0447\u0435\u0440\u0435\u0434\u0438"]}}]',3,1,2);
INSERT INTO django_admin_log VALUES(32,'2020-05-12 19:16:09.668909','19','dembyvlad','',7,1,3);
INSERT INTO django_admin_log VALUES(33,'2020-05-12 19:19:16.658239','9','9 вп','',1,1,3);
INSERT INTO django_admin_log VALUES(34,'2020-05-12 19:19:16.685425','7','7 hg','',1,1,3);
INSERT INTO django_admin_log VALUES(35,'2020-05-12 19:19:16.714660','2','2 Second','',1,1,3);
INSERT INTO django_admin_log VALUES(36,'2020-05-12 19:19:16.803644','1','1 init queue','',1,1,3);
INSERT INTO django_admin_log VALUES(37,'2020-05-14 15:12:49.584035','24','danya','[{"changed": {"fields": ["Staff status", "Superuser status"]}}]',7,1,2);
INSERT INTO django_admin_log VALUES(38,'2020-05-14 15:13:46.445999','32','AlexK','[{"changed": {"fields": ["Staff status"]}}]',7,1,2);
INSERT INTO django_admin_log VALUES(39,'2020-05-14 15:13:53.424671','32','AlexK','[{"changed": {"fields": ["Staff status"]}}]',7,1,2);
INSERT INTO django_admin_log VALUES(40,'2020-05-14 15:14:04.630128','37','HornedHeck','[{"changed": {"fields": ["Staff status"]}}]',7,1,2);
INSERT INTO django_admin_log VALUES(41,'2020-05-14 15:14:12.051159','37','HornedHeck','[{"changed": {"fields": ["Staff status"]}}]',7,1,2);
INSERT INTO django_admin_log VALUES(42,'2020-05-14 15:14:37.588819','37','HornedHeck','[{"changed": {"fields": ["Staff status"]}}]',7,1,2);
INSERT INTO django_admin_log VALUES(43,'2020-05-14 15:14:48.234154','12','igor','[{"changed": {"fields": ["Staff status"]}}]',7,1,2);
INSERT INTO django_admin_log VALUES(44,'2020-05-14 15:15:20.693137','24','danya','[{"changed": {"fields": ["Staff status"]}}]',7,1,2);
INSERT INTO django_admin_log VALUES(45,'2020-05-14 15:15:26.450173','24','danya','[{"changed": {"fields": ["Staff status"]}}]',7,1,2);
INSERT INTO django_admin_log VALUES(46,'2020-05-14 15:15:33.041632','24','danya','[]',7,1,2);
INSERT INTO django_admin_log VALUES(47,'2020-05-14 15:15:49.273542','10','qwer','[{"changed": {"fields": ["Staff status", "Superuser status"]}}]',7,1,2);
INSERT INTO django_admin_log VALUES(48,'2020-05-14 15:16:02.260123','27','roman_grek','[{"changed": {"fields": ["Staff status", "Superuser status"]}}]',7,1,2);
INSERT INTO django_admin_log VALUES(49,'2020-05-14 15:18:41.496278','20','danya student 853506','[{"changed": {"fields": ["\u0413\u0440\u0443\u043f\u043f\u0430 \u043f\u043e\u043b\u044c\u0437\u043e\u0432\u0430\u0442\u0435\u043b\u044f"]}}]',10,1,2);
INSERT INTO django_admin_log VALUES(50,'2020-05-14 15:18:55.529603','19','vanuck student 853506','[{"changed": {"fields": ["\u0413\u0440\u0443\u043f\u043f\u0430 \u043f\u043e\u043b\u044c\u0437\u043e\u0432\u0430\u0442\u0435\u043b\u044f"]}}]',10,1,2);
INSERT INTO django_admin_log VALUES(51,'2020-05-14 15:20:13.727302','24','danya','[{"changed": {"fields": ["Staff status", "Superuser status"]}}]',7,1,2);
INSERT INTO django_admin_log VALUES(52,'2020-05-14 15:20:25.546721','37','HornedHeck','[{"changed": {"fields": ["Staff status"]}}]',7,1,2);
INSERT INTO django_admin_log VALUES(53,'2020-05-14 15:20:37.985957','12','igor','[{"changed": {"fields": ["Staff status"]}}]',7,1,2);
INSERT INTO django_admin_log VALUES(54,'2020-05-14 15:20:51.443105','10','qwer','[{"changed": {"fields": ["Staff status", "Superuser status"]}}]',7,1,2);
INSERT INTO django_admin_log VALUES(55,'2020-05-14 15:21:01.365357','27','roman_grek','[{"changed": {"fields": ["Staff status", "Superuser status"]}}]',7,1,2);
INSERT INTO django_admin_log VALUES(56,'2020-05-14 15:21:35.953814','31','evashinko','[{"changed": {"fields": ["Staff status"]}}]',7,1,2);
INSERT INTO django_admin_log VALUES(57,'2020-05-14 15:21:44.538683','31','evashinko','[{"changed": {"fields": ["Staff status"]}}]',7,1,2);
INSERT INTO django_admin_log VALUES(58,'2020-05-14 15:23:42.106806','166','user 23 in queue 10 ИСП','[{"changed": {"fields": ["\u0413\u0440\u0443\u043f\u043f\u0430 \u043f\u043e\u043b\u044c\u0437\u043e\u0432\u0430\u0442\u0435\u043b\u044f"]}}]',3,1,2);
INSERT INTO django_admin_log VALUES(59,'2020-05-14 15:24:00.223418','167','user 24 in queue 10 ИСП','[{"changed": {"fields": ["\u0413\u0440\u0443\u043f\u043f\u0430 \u043f\u043e\u043b\u044c\u0437\u043e\u0432\u0430\u0442\u0435\u043b\u044f"]}}]',3,1,2);
INSERT INTO django_admin_log VALUES(60,'2020-05-14 16:10:03.747669','31','KuplevichMax student 853506','[{"changed": {"fields": ["\u0413\u0440\u0443\u043f\u043f\u0430 \u043f\u043e\u043b\u044c\u0437\u043e\u0432\u0430\u0442\u0435\u043b\u044f"]}}]',10,1,2);
CREATE TABLE IF NOT EXISTS "django_content_type" ("id" integer NOT NULL PRIMARY KEY AUTOINCREMENT, "app_label" varchar(100) NOT NULL, "model" varchar(100) NOT NULL);
INSERT INTO django_content_type VALUES(1,'lab_queue','queue');
INSERT INTO django_content_type VALUES(2,'lab_queue','user');
INSERT INTO django_content_type VALUES(3,'lab_queue','userinqueue');
INSERT INTO django_content_type VALUES(4,'admin','logentry');
INSERT INTO django_content_type VALUES(5,'auth','permission');
INSERT INTO django_content_type VALUES(6,'auth','group');
INSERT INTO django_content_type VALUES(7,'auth','user');
INSERT INTO django_content_type VALUES(8,'contenttypes','contenttype');
INSERT INTO django_content_type VALUES(9,'sessions','session');
INSERT INTO django_content_type VALUES(10,'lab_queue','profile');
CREATE TABLE IF NOT EXISTS "auth_permission" ("id" integer NOT NULL PRIMARY KEY AUTOINCREMENT, "content_type_id" integer NOT NULL REFERENCES "django_content_type" ("id") DEFERRABLE INITIALLY DEFERRED, "codename" varchar(100) NOT NULL, "name" varchar(255) NOT NULL);
INSERT INTO auth_permission VALUES(1,1,'add_queue','Can add queue');
INSERT INTO auth_permission VALUES(2,1,'change_queue','Can change queue');
INSERT INTO auth_permission VALUES(3,1,'delete_queue','Can delete queue');
INSERT INTO auth_permission VALUES(4,1,'view_queue','Can view queue');
INSERT INTO auth_permission VALUES(5,2,'add_user','Can add user');
INSERT INTO auth_permission VALUES(6,2,'change_user','Can change user');
INSERT INTO auth_permission VALUES(7,2,'delete_user','Can delete user');
INSERT INTO auth_permission VALUES(8,2,'view_user','Can view user');
INSERT INTO auth_permission VALUES(9,3,'add_userinqueue','Can add user in queue');
INSERT INTO auth_permission VALUES(10,3,'change_userinqueue','Can change user in queue');
INSERT INTO auth_permission VALUES(11,3,'delete_userinqueue','Can delete user in queue');
INSERT INTO auth_permission VALUES(12,3,'view_userinqueue','Can view user in queue');
INSERT INTO auth_permission VALUES(13,4,'add_logentry','Can add log entry');
INSERT INTO auth_permission VALUES(14,4,'change_logentry','Can change log entry');
INSERT INTO auth_permission VALUES(15,4,'delete_logentry','Can delete log entry');
INSERT INTO auth_permission VALUES(16,4,'view_logentry','Can view log entry');
INSERT INTO auth_permission VALUES(17,5,'add_permission','Can add permission');
INSERT INTO auth_permission VALUES(18,5,'change_permission','Can change permission');
INSERT INTO auth_permission VALUES(19,5,'delete_permission','Can delete permission');
INSERT INTO auth_permission VALUES(20,5,'view_permission','Can view permission');
INSERT INTO auth_permission VALUES(21,6,'add_group','Can add group');
INSERT INTO auth_permission VALUES(22,6,'change_group','Can change group');
INSERT INTO auth_permission VALUES(23,6,'delete_group','Can delete group');
INSERT INTO auth_permission VALUES(24,6,'view_group','Can view group');
INSERT INTO auth_permission VALUES(25,7,'add_user','Can add user');
INSERT INTO auth_permission VALUES(26,7,'change_user','Can change user');
INSERT INTO auth_permission VALUES(27,7,'delete_user','Can delete user');
INSERT INTO auth_permission VALUES(28,7,'view_user','Can view user');
INSERT INTO auth_permission VALUES(29,8,'add_contenttype','Can add content type');
INSERT INTO auth_permission VALUES(30,8,'change_contenttype','Can change content type');
INSERT INTO auth_permission VALUES(31,8,'delete_contenttype','Can delete content type');
INSERT INTO auth_permission VALUES(32,8,'view_contenttype','Can view content type');
INSERT INTO auth_permission VALUES(33,9,'add_session','Can add session');
INSERT INTO auth_permission VALUES(34,9,'change_session','Can change session');
INSERT INTO auth_permission VALUES(35,9,'delete_session','Can delete session');
INSERT INTO auth_permission VALUES(36,9,'view_session','Can view session');
INSERT INTO auth_permission VALUES(37,10,'add_profile','Can add Profile');
INSERT INTO auth_permission VALUES(38,10,'change_profile','Can change Profile');
INSERT INTO auth_permission VALUES(39,10,'delete_profile','Can delete Profile');
INSERT INTO auth_permission VALUES(40,10,'view_profile','Can view Profile');
CREATE TABLE IF NOT EXISTS "auth_user" ("id" integer NOT NULL PRIMARY KEY AUTOINCREMENT, "password" varchar(128) NOT NULL, "last_login" datetime NULL, "is_superuser" bool NOT NULL, "username" varchar(150) NOT NULL UNIQUE, "first_name" varchar(30) NOT NULL, "email" varchar(254) NOT NULL, "is_staff" bool NOT NULL, "is_active" bool NOT NULL, "date_joined" datetime NOT NULL, "last_name" varchar(150) NOT NULL);
INSERT INTO auth_user VALUES(1,'pbkdf2_sha256$180000$CixJSosamQBn$KBc8x6FcCkuwhLaHijI5IFvvCQI/PWqiGOtbviOG9J4=','2020-05-14 16:09:20.712012',1,'admin','','admin@admin.admin',1,1,'2020-05-07 17:41:56.928596','');
INSERT INTO auth_user VALUES(8,'pbkdf2_sha256$180000$idz0DkdL1xWI$OOTjXEKtuOowyDzCbbfkzh2Gd+x8zy7PU1LxuVgv6ng=',NULL,0,'qwerqwer','qwerqwer','',0,1,'2020-05-09 16:08:16.157046','qwerqwer');
INSERT INTO auth_user VALUES(9,'pbkdf2_sha256$180000$PuabW6DGvwBS$YL6y3CIZ8uDjNNnk8YWOzrsHb1FFaN+vv4yE/hHeV20=','2020-05-12 16:25:45.591084',0,'vlad','vlad','',0,1,'2020-05-09 16:49:40.868781','vlad');
INSERT INTO auth_user VALUES(10,'pbkdf2_sha256$180000$4m6rKaezp18v$iaIzZ9u2axzAw83BDdTn9xW8yfVnfjdjEcO5erpWAtk=',NULL,0,'qwer','qwer','',0,1,'2020-05-09 16:53:53','qwer');
INSERT INTO auth_user VALUES(11,'pbkdf2_sha256$180000$I9sMRU5wIg9A$vriVL2MgPBoSD9V+7c3+Z3qFf6q0RMPFNQXKB2W9Sl0=',NULL,0,'qwerq','qwer','',0,1,'2020-05-09 16:54:24.238337','qwer');
INSERT INTO auth_user VALUES(12,'pbkdf2_sha256$180000$2rOx87hS9pDb$v4xLGs+Poky5lTgOP1wAN61YJfCXLDgJci/GkOMCNTY=','2020-05-12 14:36:44',0,'igor','igor','',0,1,'2020-05-10 19:01:18','igor');
INSERT INTO auth_user VALUES(13,'pbkdf2_sha256$180000$BnLf5FmnNZSe$/0yqJE/h97iDv6IcOAcpRcmZM7uvnDi6csHnH2yO4fk=','2020-05-11 20:33:32.708370',0,'ivan','ivan','',0,1,'2020-05-11 11:36:41.848253','ivan');
INSERT INTO auth_user VALUES(14,'pbkdf2_sha256$180000$wmKfKKt3PaXs$AJs/s1RusLa+Yqe4R/RkSK8yJe4ijOWn4FHDgpntCwI=','2020-05-14 16:46:07.322586',0,'vasya','vasya','',0,1,'2020-05-11 12:04:42.594167','vsaya');
INSERT INTO auth_user VALUES(15,'pbkdf2_sha256$180000$HEkgjoECTR1s$jyLGIzZ9ulxJgUnEIjAtGANh/10tQHTWmmPB94AwoPk=','2020-05-11 20:27:57.526406',0,'slava','slava','',0,1,'2020-05-11 20:25:39.998064','slava');
INSERT INTO auth_user VALUES(16,'pbkdf2_sha256$180000$hg9yIJFEift9$VVv4mQW6gNcfnNh5/Im9n2NA6n0yOse9vguhMjYBfcU=','2020-05-12 16:38:02.948178',0,'petya','petya','',0,1,'2020-05-12 16:37:57.039417','petya');
INSERT INTO auth_user VALUES(17,'pbkdf2_sha256$180000$Y0FXRWPNO0mm$jvfCIh1777k8JpVczefeR1HTop6rpSDVCObo2OrYrbE=','2020-05-13 11:40:35.873297',0,'Makar','Makar','',0,1,'2020-05-12 19:05:24.372786','Pundis');
INSERT INTO auth_user VALUES(18,'pbkdf2_sha256$180000$Dj6HfXsEXq7M$UCp9khTm5Xoq1b/Dd9XCaTiKONryngePV9uyCcIippQ=','2020-05-13 11:39:21.350224',0,'qpo','q','',0,1,'2020-05-12 19:07:44.667104','p');
INSERT INTO auth_user VALUES(20,'pbkdf2_sha256$180000$gzkBxF60sjHr$pL1KNSHZsYK5qokzD7WtqUaSRi8HQlBaAtk0lU7fuJ4=','2020-05-14 18:31:24.025531',0,'dembyvlad','Влад','',0,1,'2020-05-12 19:17:09.009108','Лукашёнок');
INSERT INTO auth_user VALUES(21,'pbkdf2_sha256$180000$lByPLGzqRzDY$m07QC5hUsfXPBW9MEAX1/uqZaiBxezxXOo/oq9SKr7Y=','2020-05-12 19:25:38.698871',0,'vanyuck','Andrey','',0,1,'2020-05-12 19:24:49.214479','Vanyuck');
INSERT INTO auth_user VALUES(22,'pbkdf2_sha256$180000$6eBsNocZa0zp$NvAcy4nS5nkh0ApZFjvbCvvI4rx/pgrB58RFf8oP4Rc=','2020-05-12 19:25:36.727427',0,'artykisa','Артём','',0,1,'2020-05-12 19:25:22.388863','Кисурин');
INSERT INTO auth_user VALUES(23,'pbkdf2_sha256$180000$hvTgOVvnA5Dy$+2gBV/HLJZrAabbG/1H4hc2u2FavUa3HcBEMwFIAAYI=','2020-05-14 12:20:04.330839',0,'vanuck','Andrey','',0,1,'2020-05-12 19:27:07.100233','Vanyuck');
INSERT INTO auth_user VALUES(24,'pbkdf2_sha256$180000$ePo5B2NCA71v$VoBXg4JIgvHZt1Gs3LaFdY6uS6aikC3JaVHWJq09UG4=','2020-05-14 15:17:03',0,'danya','danila','',0,1,'2020-05-12 19:28:32','golovenko');
INSERT INTO auth_user VALUES(25,'pbkdf2_sha256$180000$nOXCyGoNGq1T$TnONaOue4yUge2BdCui+KOq8xBBgJwrPpjicsGzNELg=','2020-05-12 20:12:27.229960',0,'asdf','asdf','',0,1,'2020-05-12 20:12:16.627363','asdf');
INSERT INTO auth_user VALUES(26,'pbkdf2_sha256$180000$wvMUjs7hYUnz$6+f2BiO6D8yc7OZPBv3RLThVR0tZd5ahea+yQI8+Pr0=','2020-05-13 00:55:42.401240',0,'Пуфик','Артур','',0,1,'2020-05-13 00:55:35.695579','Халипов');
INSERT INTO auth_user VALUES(27,'pbkdf2_sha256$180000$RfhfIdFSJlJo$aX7q5UIbEih1iwaaimbb3O4rvLuNA4Vkwmh22TzJk+s=',NULL,0,'roman_grek','Роман','',0,1,'2020-05-13 07:45:53','Грек');
INSERT INTO auth_user VALUES(28,'pbkdf2_sha256$180000$gK9ZHvXGNWHK$vnG5Yf315M40MWJLhvxjyalkdQ2FCev21WZEdzJq7TQ=','2020-05-13 07:46:40.478458',0,'Skeptic','Роман','',0,1,'2020-05-13 07:46:33.240320','Грек');
INSERT INTO auth_user VALUES(29,'pbkdf2_sha256$180000$3Sb4yULkfQTv$hem/xcwZDExzt0tmGilIclxX8Ui9hGT6P/9prLyHc/w=','2020-05-13 22:22:45.350038',0,'andreyess','Андрей','',0,1,'2020-05-13 08:35:10.750644','Карпыза');
INSERT INTO auth_user VALUES(30,'pbkdf2_sha256$180000$1ebkrFLCSYKh$gmN3lFHbQ1bX4oUGjZw2LG69Dz6kBQB+aEAqYfUAZqc=','2020-05-13 08:59:22.698813',0,'DimaShkad','Dmitry','',0,1,'2020-05-13 08:59:13.602981','Shkadarevich');
INSERT INTO auth_user VALUES(31,'pbkdf2_sha256$180000$BCLKPH1Lmp7f$fArNVoEpJfqebzjuFD6VbQO4S9TCyZxqmhti/1TITxE=','2020-05-13 11:40:03',0,'evashinko','Evgeniy','',0,1,'2020-05-13 11:38:34','Vashinko');
INSERT INTO auth_user VALUES(32,'pbkdf2_sha256$180000$7pyDwQOyE6cN$pUXUCYYc7nP6vXJg0iNMM4s9umggGqTpKmOLNQFViJc=','2020-05-14 12:13:25',0,'AlexK','Alexander','',0,1,'2020-05-14 12:13:13','Kulsha');
INSERT INTO auth_user VALUES(33,'pbkdf2_sha256$180000$QP19KY3wiFiV$Ny5pNHe2fyNhdzNb3LsrvLwYQIY34DBY1tQesYEZAyw=','2020-05-14 12:53:11.667324',0,'dimasiandro','Дмитрий','',0,1,'2020-05-14 12:52:59.427077','Белоцкий');
INSERT INTO auth_user VALUES(34,'pbkdf2_sha256$180000$umgTlrxKONJh$c8xThyhP7bqw954f2SLMbGwbaVpP6Laefr/3vfezx+Q=','2020-05-14 13:01:43.785452',0,'artsiomshut','Artsiom','',0,1,'2020-05-14 13:01:38.591472','Shut');
INSERT INTO auth_user VALUES(35,'pbkdf2_sha256$180000$6X9NbgQpI9n7$k1IBkdxqtDGWSLUo/40t+Qg9Iz1hsZpQWDRHX8AR8l8=','2020-05-14 13:08:30.544252',0,'KuplevichMax','Максим','',0,1,'2020-05-14 13:08:19.521405','Куплевич');
INSERT INTO auth_user VALUES(36,'pbkdf2_sha256$180000$5ZkVYc0L1o4a$aAzlgIeS//AWtYVMhVShjaWP6u5LQ69SNMkgjDKD88A=','2020-05-14 14:42:11.128899',0,'MEGA_POZITIV_CHIK_','Maxim','',0,1,'2020-05-14 14:42:04.210036','Khatskevich');
INSERT INTO auth_user VALUES(37,'pbkdf2_sha256$180000$q89KRZ0bceJT$ZxFvKRnH28aoN9gSt4MBi566KkUDnOo3n1dmEYxfUHU=','2020-05-14 14:44:17',0,'HornedHeck','Vitaly','',0,1,'2020-05-14 14:44:09','Avseitsev');
INSERT INTO auth_user VALUES(38,'pbkdf2_sha256$180000$EQXi6j4v914k$ze9cX0hT2hv7e2a8hao7M3KF8CMiFXbcVfp9zMu2WJc=','2020-05-14 19:57:06.130366',0,'vlaad_01','Vlad','',0,1,'2020-05-14 19:56:59.148281','Grudovik');
INSERT INTO auth_user VALUES(39,'pbkdf2_sha256$180000$uRrE7smI0TGX$I34+gleUXbYI2TDLYQBdnM6gdAtw7Qe8+zBZlJt7fi4=','2020-05-14 20:16:31.326862',0,'Kirill','Кирилл','',0,1,'2020-05-14 20:15:42.671541','Спесивцев');
CREATE TABLE IF NOT EXISTS "auth_group" ("id" integer NOT NULL PRIMARY KEY AUTOINCREMENT, "name" varchar(150) NOT NULL UNIQUE);
CREATE TABLE IF NOT EXISTS "django_session" ("session_key" varchar(40) NOT NULL PRIMARY KEY, "session_data" text NOT NULL, "expire_date" datetime NOT NULL);
INSERT INTO django_session VALUES('10nnaeiqjkqjg6vui7ke2y5e3zubd8h7','YzdmNjYwOWQzODZiZWE1MTJjODYwN2M5Njg1ODVhMWQyNTBkYzM4ODp7Il9hdXRoX3VzZXJfaWQiOiIxIiwiX2F1dGhfdXNlcl9iYWNrZW5kIjoiZGphbmdvLmNvbnRyaWIuYXV0aC5iYWNrZW5kcy5Nb2RlbEJhY2tlbmQiLCJfYXV0aF91c2VyX2hhc2giOiIzM2JmZmUwOTIxMzEyOWNmY2MyYTEwMDYzYzVlZWZkMmI5NmJhNDE1In0=','2020-05-21 17:42:12.557417');
INSERT INTO django_session VALUES('bb4inqf15y8ub5mmk1khccxs8fqx8qsz','NzJjMTQxOTQwZjRjODRjOTRkYzY4NjI5ZWMwOTQwODM5NzcwMTQ2NDp7Il9hdXRoX3VzZXJfaWQiOiIxNCIsIl9hdXRoX3VzZXJfYmFja2VuZCI6ImRqYW5nby5jb250cmliLmF1dGguYmFja2VuZHMuTW9kZWxCYWNrZW5kIiwiX2F1dGhfdXNlcl9oYXNoIjoiNDJiNDIyNTM0MDJiYmNhNDhjYjRmNjRhMTE2ODE5MTdmYzY0OGY4ZiJ9','2020-05-26 17:05:20.056936');
INSERT INTO django_session VALUES('z5ne41pua2e2hls1fo6dlsdje759sso4','MTFlNDAzYWMyMWY4MWQ3MzgyZTU4NmIzYjZjYTYyNWMyZTA0ZjNkMDp7Il9hdXRoX3VzZXJfaWQiOiIxNyIsIl9hdXRoX3VzZXJfYmFja2VuZCI6ImRqYW5nby5jb250cmliLmF1dGguYmFja2VuZHMuTW9kZWxCYWNrZW5kIiwiX2F1dGhfdXNlcl9oYXNoIjoiNjJiOTc3ZTRlYjgzOTU2YWY5ZjgyY2QzZjhmOTY2MzJhMjUwODgxZiJ9','2020-05-26 19:05:46.662544');
INSERT INTO django_session VALUES('yotudn9787mm7ybwnua9hotxtej2wyze','ZTNlNDdkMzk5YTgxMWZhMGEzZjc1MjA2M2Q0MzY4ZTU0YzVlMWIxMzp7Il9hdXRoX3VzZXJfaWQiOiIyMiIsIl9hdXRoX3VzZXJfYmFja2VuZCI6ImRqYW5nby5jb250cmliLmF1dGguYmFja2VuZHMuTW9kZWxCYWNrZW5kIiwiX2F1dGhfdXNlcl9oYXNoIjoiZmQxN2M1NDZjZGJjZDVhMTNkYjg4N2NiYjI2MTFkYTA0ZjVkMTc4MCJ9','2020-05-26 19:25:36.866344');
INSERT INTO django_session VALUES('brvrotacnn0mgzfgsma8gaej2ueyen6j','ZjFkMzFkNTczNjdkZmIwNGNjNzBjNzA3MzE0NGY2OTNlN2Y1ZTY1Zjp7Il9hdXRoX3VzZXJfaWQiOiIyMyIsIl9hdXRoX3VzZXJfYmFja2VuZCI6ImRqYW5nby5jb250cmliLmF1dGguYmFja2VuZHMuTW9kZWxCYWNrZW5kIiwiX2F1dGhfdXNlcl9oYXNoIjoiOWNiMDY2OTgyY2NkMjFiZjNlMjE5NGMxY2FjNGQ1YzU4ZmIxOGMxZiJ9','2020-05-26 19:27:14.956956');
INSERT INTO django_session VALUES('7jam1vj6quiiqfw5lofmhgdpgtpc75dg','ZGFjMGU0MTA3N2QzMGIxY2ZiMjBiMGYzNGJmNjYyMDk5ZmM0MTc5Mzp7Il9hdXRoX3VzZXJfaWQiOiIyNSIsIl9hdXRoX3VzZXJfYmFja2VuZCI6ImRqYW5nby5jb250cmliLmF1dGguYmFja2VuZHMuTW9kZWxCYWNrZW5kIiwiX2F1dGhfdXNlcl9oYXNoIjoiNmE0ZTYyMjJiMDc2NmIxNTZhZDljM2UwYTAwNTRhZWFmYjM0N2UzNSJ9','2020-05-26 20:12:27.376593');
INSERT INTO django_session VALUES('v2bucgjfxz04oxtqkajxro9q1bvh63mh','ZjIyNDZkZDE1ZjdlZWRkNDUxZmVkOWFiNDY4MTc1NmRmYTgyNjMwYTp7Il9hdXRoX3VzZXJfaWQiOiIyMCIsIl9hdXRoX3VzZXJfYmFja2VuZCI6ImRqYW5nby5jb250cmliLmF1dGguYmFja2VuZHMuTW9kZWxCYWNrZW5kIiwiX2F1dGhfdXNlcl9oYXNoIjoiODYxNGFjNWFhMGM0OWY1MDM3ZDJjMTlkZGFlOTUwNjVlYTMxOTVlMCJ9','2020-05-26 21:15:34.956275');
INSERT INTO django_session VALUES('dljk1wdp751xzo3m286l0oildxys05c8','ZjIyNDZkZDE1ZjdlZWRkNDUxZmVkOWFiNDY4MTc1NmRmYTgyNjMwYTp7Il9hdXRoX3VzZXJfaWQiOiIyMCIsIl9hdXRoX3VzZXJfYmFja2VuZCI6ImRqYW5nby5jb250cmliLmF1dGguYmFja2VuZHMuTW9kZWxCYWNrZW5kIiwiX2F1dGhfdXNlcl9oYXNoIjoiODYxNGFjNWFhMGM0OWY1MDM3ZDJjMTlkZGFlOTUwNjVlYTMxOTVlMCJ9','2020-05-26 23:21:52.031313');
INSERT INTO django_session VALUES('p5smooo31a1vn80yab7bstwuuf5mxow0','ZDA3NGQ3ZWQxMzIwNGExOWZjY2FlYzJiNTQ3MjQ0MzM2ZTVjNzQ3MTp7Il9hdXRoX3VzZXJfaWQiOiIyNiIsIl9hdXRoX3VzZXJfYmFja2VuZCI6ImRqYW5nby5jb250cmliLmF1dGguYmFja2VuZHMuTW9kZWxCYWNrZW5kIiwiX2F1dGhfdXNlcl9oYXNoIjoiNjk4NjExZTc0M2NiMzc3M2Y0NWY1NTdiOTRkYTlmOTIxNjkzZTA5YiJ9','2020-05-27 00:55:42.461347');
INSERT INTO django_session VALUES('jzk6qai88ewmyqk2i6tv23jkys1rrq5i','ZjAyNjBhMjI1MTcyOTFiYWI1NzRjOTBiZGU4NDUzNjI3YTU4MDI3Nzp7Il9hdXRoX3VzZXJfaWQiOiIyOCIsIl9hdXRoX3VzZXJfYmFja2VuZCI6ImRqYW5nby5jb250cmliLmF1dGguYmFja2VuZHMuTW9kZWxCYWNrZW5kIiwiX2F1dGhfdXNlcl9oYXNoIjoiMWY2MTY0NjZlZTVlN2UwMjQwNmU2MzdlY2Y5MjYxMmE0ZDI0MzQ1OCJ9','2020-05-27 07:46:40.501494');
INSERT INTO django_session VALUES('8yncc9322dzohtx9rav2lfhj14l6j2jn','ODVkNDllMTlhN2NlNjM4MDgzNzU0YjlhZDNjOWE2ZjJkZTQyOTNiMzp7Il9hdXRoX3VzZXJfaWQiOiIyOSIsIl9hdXRoX3VzZXJfYmFja2VuZCI6ImRqYW5nby5jb250cmliLmF1dGguYmFja2VuZHMuTW9kZWxCYWNrZW5kIiwiX2F1dGhfdXNlcl9oYXNoIjoiMTliMTk1MTc2Y2YyMzhiZWUyZmVlY2NlNmQ3NDgxNTYxYjExNjhmYSJ9','2020-05-27 08:35:23.456343');
INSERT INTO django_session VALUES('0z3glp23hehx41p904f9ww0i6c1juhxl','NDFlNzdjM2Q4NjQ0MDc4OTNjMTI0YTIyYzg4N2ZhMTllNTBjMzE5OTp7Il9hdXRoX3VzZXJfaWQiOiIzMCIsIl9hdXRoX3VzZXJfYmFja2VuZCI6ImRqYW5nby5jb250cmliLmF1dGguYmFja2VuZHMuTW9kZWxCYWNrZW5kIiwiX2F1dGhfdXNlcl9oYXNoIjoiYTIwNDY5ZWQ0ZmE2NWY5YTU4NzcyZWQ5Y2VlZDIyNTYxY2I2N2ZiYyJ9','2020-05-27 08:59:22.893042');
INSERT INTO django_session VALUES('9z2mahmabbkelkl33o02pp50wcr9a01c','ZmU4NmJjNDE5NjQxMDhkMmViYzBjNDE2ZTJiMDI1ZTViYWIwN2Y1Njp7Il9hdXRoX3VzZXJfaWQiOiIzMSIsIl9hdXRoX3VzZXJfYmFja2VuZCI6ImRqYW5nby5jb250cmliLmF1dGguYmFja2VuZHMuTW9kZWxCYWNrZW5kIiwiX2F1dGhfdXNlcl9oYXNoIjoiYTYyNjA3NTI1OGI1ZjIzYWI5YTQ3Yjg1MmEzNjMxZWExZDIxN2NkZCJ9','2020-05-27 11:40:03.571302');
INSERT INTO django_session VALUES('dxojsq6vh2kibt7c59b0ggmmojlu98y7','MTFlNDAzYWMyMWY4MWQ3MzgyZTU4NmIzYjZjYTYyNWMyZTA0ZjNkMDp7Il9hdXRoX3VzZXJfaWQiOiIxNyIsIl9hdXRoX3VzZXJfYmFja2VuZCI6ImRqYW5nby5jb250cmliLmF1dGguYmFja2VuZHMuTW9kZWxCYWNrZW5kIiwiX2F1dGhfdXNlcl9oYXNoIjoiNjJiOTc3ZTRlYjgzOTU2YWY5ZjgyY2QzZjhmOTY2MzJhMjUwODgxZiJ9','2020-05-27 11:40:35.894061');
INSERT INTO django_session VALUES('7kv42dzal1kdg08apmbsd0iv0fgugxhe','ODVkNDllMTlhN2NlNjM4MDgzNzU0YjlhZDNjOWE2ZjJkZTQyOTNiMzp7Il9hdXRoX3VzZXJfaWQiOiIyOSIsIl9hdXRoX3VzZXJfYmFja2VuZCI6ImRqYW5nby5jb250cmliLmF1dGguYmFja2VuZHMuTW9kZWxCYWNrZW5kIiwiX2F1dGhfdXNlcl9oYXNoIjoiMTliMTk1MTc2Y2YyMzhiZWUyZmVlY2NlNmQ3NDgxNTYxYjExNjhmYSJ9','2020-05-27 22:22:45.392009');
INSERT INTO django_session VALUES('kogaw425rc67e95lpo4as4inrbgkr87r','ZjUwMGY0YmM4NmUwOGMyOTM1ZjhiYmVkNzVjYThjNWRkMTllZTc0Yjp7Il9hdXRoX3VzZXJfaWQiOiIzMiIsIl9hdXRoX3VzZXJfYmFja2VuZCI6ImRqYW5nby5jb250cmliLmF1dGguYmFja2VuZHMuTW9kZWxCYWNrZW5kIiwiX2F1dGhfdXNlcl9oYXNoIjoiMThkZTBmMGJhYzJlNDU5MmY0ZWE5MDI4NGIwODZlNTJiNGYzNjcxMCJ9','2020-05-28 12:13:25.593730');
INSERT INTO django_session VALUES('yimrkay3dpgzr0ntvnyb90xrlc9evvjy','ZjFkMzFkNTczNjdkZmIwNGNjNzBjNzA3MzE0NGY2OTNlN2Y1ZTY1Zjp7Il9hdXRoX3VzZXJfaWQiOiIyMyIsIl9hdXRoX3VzZXJfYmFja2VuZCI6ImRqYW5nby5jb250cmliLmF1dGguYmFja2VuZHMuTW9kZWxCYWNrZW5kIiwiX2F1dGhfdXNlcl9oYXNoIjoiOWNiMDY2OTgyY2NkMjFiZjNlMjE5NGMxY2FjNGQ1YzU4ZmIxOGMxZiJ9','2020-05-28 12:20:04.366028');
INSERT INTO django_session VALUES('l4ki671b19bxb3aq7bs3pr9yanfxbeua','YzdmNjYwOWQzODZiZWE1MTJjODYwN2M5Njg1ODVhMWQyNTBkYzM4ODp7Il9hdXRoX3VzZXJfaWQiOiIxIiwiX2F1dGhfdXNlcl9iYWNrZW5kIjoiZGphbmdvLmNvbnRyaWIuYXV0aC5iYWNrZW5kcy5Nb2RlbEJhY2tlbmQiLCJfYXV0aF91c2VyX2hhc2giOiIzM2JmZmUwOTIxMzEyOWNmY2MyYTEwMDYzYzVlZWZkMmI5NmJhNDE1In0=','2020-05-28 12:48:23.917588');
INSERT INTO django_session VALUES('3ubu86i6nh8awjgrkidcy1lvv7thu9jm','OTcyZTdhZGZmOGY0OGZmOTliYWQyM2Q1ODYxODM3ZjI5MjE3YjI3MTp7Il9hdXRoX3VzZXJfaWQiOiIzMyIsIl9hdXRoX3VzZXJfYmFja2VuZCI6ImRqYW5nby5jb250cmliLmF1dGguYmFja2VuZHMuTW9kZWxCYWNrZW5kIiwiX2F1dGhfdXNlcl9oYXNoIjoiZTgyMTQ1YzAzZjJhYTM1M2U3OWI5ZDUxYmVmYWE1OGIwOGI1YTNjMiJ9','2020-05-28 12:53:11.687804');
INSERT INTO django_session VALUES('sl3awx3c6uly4478lvd5h3idxckm35sp','NDdiMGRlYjQ3ZWNiMGM4ZTc3ZGJjMTQ3YjVkYzI0YmVlMTI1NTMwMDp7Il9hdXRoX3VzZXJfaWQiOiIzNCIsIl9hdXRoX3VzZXJfYmFja2VuZCI6ImRqYW5nby5jb250cmliLmF1dGguYmFja2VuZHMuTW9kZWxCYWNrZW5kIiwiX2F1dGhfdXNlcl9oYXNoIjoiYzgzNDY4MGUxYTM1M2U5YTg2ZmJlMGI2NmMyYmQyZmFhMmYzOTRkYyJ9','2020-05-28 13:01:43.805771');
INSERT INTO django_session VALUES('m0xpkutuxgub0v73jpubuq1g7soj5myl','MDFjMmQzZWQ0MGNkOTE3MjdhNWM4MTFkOTAzOWQyNjBkODAzY2QzNzp7Il9hdXRoX3VzZXJfaWQiOiIzNSIsIl9hdXRoX3VzZXJfYmFja2VuZCI6ImRqYW5nby5jb250cmliLmF1dGguYmFja2VuZHMuTW9kZWxCYWNrZW5kIiwiX2F1dGhfdXNlcl9oYXNoIjoiODRlMGI1NDRmODliYTZiM2I4OWUxMjU2ODdlNjI0OTQxZTg5MjlmNiJ9','2020-05-28 13:08:30.576312');
INSERT INTO django_session VALUES('pqt6cups6w5my8pu9q6yl5llf8gn0dqx','YmRjMjZjZDkzYmQ2MmMyNzMwNzk1ZWM0YjZhZGFmNjk3MTFhZTkxMDp7Il9hdXRoX3VzZXJfaWQiOiIzNiIsIl9hdXRoX3VzZXJfYmFja2VuZCI6ImRqYW5nby5jb250cmliLmF1dGguYmFja2VuZHMuTW9kZWxCYWNrZW5kIiwiX2F1dGhfdXNlcl9oYXNoIjoiMjAyMGJkYTE2Zjk4OTkzZTRkODRlMzMwZjE1MDU4NWQ4YzgxYTdlZSJ9','2020-05-28 14:42:11.152118');
INSERT INTO django_session VALUES('54ki4wlsqv72vwgmrx5oni2xngkijhgk','OWM4MGM3ZmMxYmM4OTQ4M2Q0NmM1Yjc5ZGUxZmJiMWQyNmE1NjQ2Yzp7Il9hdXRoX3VzZXJfaWQiOiIzNyIsIl9hdXRoX3VzZXJfYmFja2VuZCI6ImRqYW5nby5jb250cmliLmF1dGguYmFja2VuZHMuTW9kZWxCYWNrZW5kIiwiX2F1dGhfdXNlcl9oYXNoIjoiNDRhYjE5N2NhN2FlZjU3MjdlOWQwNmVhYjIzMDY3ZjBhNDE4MzM2ZiJ9','2020-05-28 14:44:17.743556');
INSERT INTO django_session VALUES('wks6x94ekvau45tyoc3x7lv31mnq9mgr','YzdmNjYwOWQzODZiZWE1MTJjODYwN2M5Njg1ODVhMWQyNTBkYzM4ODp7Il9hdXRoX3VzZXJfaWQiOiIxIiwiX2F1dGhfdXNlcl9iYWNrZW5kIjoiZGphbmdvLmNvbnRyaWIuYXV0aC5iYWNrZW5kcy5Nb2RlbEJhY2tlbmQiLCJfYXV0aF91c2VyX2hhc2giOiIzM2JmZmUwOTIxMzEyOWNmY2MyYTEwMDYzYzVlZWZkMmI5NmJhNDE1In0=','2020-05-28 15:18:13.454463');
INSERT INTO django_session VALUES('uun8gqarf8eah3kn2lw5i5kdbpq5xyhj','ZjIyNDZkZDE1ZjdlZWRkNDUxZmVkOWFiNDY4MTc1NmRmYTgyNjMwYTp7Il9hdXRoX3VzZXJfaWQiOiIyMCIsIl9hdXRoX3VzZXJfYmFja2VuZCI6ImRqYW5nby5jb250cmliLmF1dGguYmFja2VuZHMuTW9kZWxCYWNrZW5kIiwiX2F1dGhfdXNlcl9oYXNoIjoiODYxNGFjNWFhMGM0OWY1MDM3ZDJjMTlkZGFlOTUwNjVlYTMxOTVlMCJ9','2020-05-28 18:31:24.048184');
INSERT INTO django_session VALUES('ybun4itw9dscqsgps73dr9x69gvc2feh','MDFiZmNmOTMzOGVjZTNhYWEwZDBjNDc1NjAxYmI3ODQ4ODBlMDViZTp7Il9hdXRoX3VzZXJfaWQiOiIzOCIsIl9hdXRoX3VzZXJfYmFja2VuZCI6ImRqYW5nby5jb250cmliLmF1dGguYmFja2VuZHMuTW9kZWxCYWNrZW5kIiwiX2F1dGhfdXNlcl9oYXNoIjoiNDdhZjJhNGFlZDFlMDAwNzY0NjBkMGFhM2RkMTBlYjliMTBhZWIzMyJ9','2020-05-28 19:57:06.152707');
INSERT INTO django_session VALUES('5wt89qhur7kfdbv5hyneubppvl9o0spt','MDJjODY5OTE4ZTE3NjUwYzI0NDFiYmRmMTBkYTk5ZmFmZjMxNDIzMTp7Il9hdXRoX3VzZXJfaWQiOiIzOSIsIl9hdXRoX3VzZXJfYmFja2VuZCI6ImRqYW5nby5jb250cmliLmF1dGguYmFja2VuZHMuTW9kZWxCYWNrZW5kIiwiX2F1dGhfdXNlcl9oYXNoIjoiMjU5YmUxMDM1OTYwZDVmMDM1MjUwZGEwOTFmYjBiOWQ1ZWIxNGViNiJ9','2020-05-28 20:16:31.352124');
CREATE TABLE IF NOT EXISTS "lab_queue_profile" ("id" integer NOT NULL PRIMARY KEY AUTOINCREMENT, "user_group" integer NOT NULL, "user_id" integer NOT NULL UNIQUE REFERENCES "auth_user" ("id") DEFERRABLE INITIALLY DEFERRED, "user_type" varchar(20) NOT NULL);
INSERT INTO lab_queue_profile VALUES(4,12341234,8,'student');
INSERT INTO lab_queue_profile VALUES(5,853506,9,'student');
INSERT INTO lab_queue_profile VALUES(6,12341234,10,'student');
INSERT INTO lab_queue_profile VALUES(7,12341234,11,'student');
INSERT INTO lab_queue_profile VALUES(8,853506,12,'student');
INSERT INTO lab_queue_profile VALUES(9,853501,13,'student');
INSERT INTO lab_queue_profile VALUES(10,853506,14,'headman');
INSERT INTO lab_queue_profile VALUES(11,853502,15,'headman');
INSERT INTO lab_queue_profile VALUES(12,853501,16,'student');
INSERT INTO lab_queue_profile VALUES(13,853506,17,'headman');
INSERT INTO lab_queue_profile VALUES(14,853506,18,'headman');
INSERT INTO lab_queue_profile VALUES(16,853506,20,'student');
INSERT INTO lab_queue_profile VALUES(17,1,21,'student');
INSERT INTO lab_queue_profile VALUES(18,853506,22,'student');
INSERT INTO lab_queue_profile VALUES(19,853506,23,'student');
INSERT INTO lab_queue_profile VALUES(20,853506,24,'student');
INSERT INTO lab_queue_profile VALUES(21,123,25,'student');
INSERT INTO lab_queue_profile VALUES(22,853506,26,'student');
INSERT INTO lab_queue_profile VALUES(23,853506,27,'student');
INSERT INTO lab_queue_profile VALUES(24,853506,28,'student');
INSERT INTO lab_queue_profile VALUES(25,853506,29,'student');
INSERT INTO lab_queue_profile VALUES(26,853506,30,'student');
INSERT INTO lab_queue_profile VALUES(27,853506,31,'student');
INSERT INTO lab_queue_profile VALUES(28,853506,32,'student');
INSERT INTO lab_queue_profile VALUES(29,853506,33,'student');
INSERT INTO lab_queue_profile VALUES(30,853506,34,'student');
INSERT INTO lab_queue_profile VALUES(31,853506,35,'student');
INSERT INTO lab_queue_profile VALUES(32,853506,36,'student');
INSERT INTO lab_queue_profile VALUES(33,853506,37,'student');
INSERT INTO lab_queue_profile VALUES(34,853506,38,'student');
INSERT INTO lab_queue_profile VALUES(35,853506,39,'student');
CREATE TABLE IF NOT EXISTS "lab_queue_userinqueue" ("queue_id" integer NOT NULL PRIMARY KEY AUTOINCREMENT, "uiq_user_id" integer NOT NULL, "uiq_info" text NOT NULL, "uiq_queue_id_id" integer NOT NULL REFERENCES "lab_queue_queue" ("queue_id") DEFERRABLE INITIALLY DEFERRED, "uiq_first_name" varchar(100) NOT NULL, "uiq_group" integer NOT NULL, "uiq_second_name" varchar(100) NOT NULL, "uiq_want_to_swap" bool NOT NULL, "uiq_index" integer NOT NULL);
INSERT INTO lab_queue_userinqueue VALUES(163,20,'',10,'Влад',853506,'Лукашёнок',0,1);
INSERT INTO lab_queue_userinqueue VALUES(164,17,'',10,'Makar',853506,'Pundis',0,2);
INSERT INTO lab_queue_userinqueue VALUES(165,22,'',10,'Артём',853506,'Кисурин',0,3);
INSERT INTO lab_queue_userinqueue VALUES(166,23,'',10,'Andrey',853506,'Vanyuck',0,4);
INSERT INTO lab_queue_userinqueue VALUES(167,24,'',10,'danila',853506,'golovenko',0,5);
INSERT INTO lab_queue_userinqueue VALUES(168,26,'',10,'Артур',853506,'Халипов',0,6);
INSERT INTO lab_queue_userinqueue VALUES(169,28,'',10,'Роман',853506,'Грек',0,7);
INSERT INTO lab_queue_userinqueue VALUES(170,29,'',10,'Андрей',853506,'Карпыза',0,9);
INSERT INTO lab_queue_userinqueue VALUES(172,30,'',12,'Dmitry',853506,'Shkadarevich',0,1);
INSERT INTO lab_queue_userinqueue VALUES(173,17,'',12,'Makar',853506,'Pundis',0,2);
INSERT INTO lab_queue_userinqueue VALUES(175,31,'',10,'Evgeniy',853506,'Vashinko',0,8);
INSERT INTO lab_queue_userinqueue VALUES(176,31,'',12,'Evgeniy',853506,'Vashinko',0,3);
INSERT INTO lab_queue_userinqueue VALUES(177,32,'',10,'Alexander',853506,'Kulsha',0,11);
INSERT INTO lab_queue_userinqueue VALUES(179,30,'',10,'Dmitry',853506,'Shkadarevich',0,10);
INSERT INTO lab_queue_userinqueue VALUES(180,33,'',10,'Дмитрий',853506,'Белоцкий',0,12);
INSERT INTO lab_queue_userinqueue VALUES(181,34,'',10,'Artsiom',853506,'Shut',0,13);
INSERT INTO lab_queue_userinqueue VALUES(182,35,'',10,'Максим',6,'Куплевич',0,14);
INSERT INTO lab_queue_userinqueue VALUES(183,36,'',10,'Maxim',853506,'Khatskevich',0,15);
INSERT INTO lab_queue_userinqueue VALUES(184,37,'',12,'Vitaly',853506,'Avseitsev',0,4);
INSERT INTO lab_queue_userinqueue VALUES(185,22,'',12,'Артём',853506,'Кисурин',0,5);
INSERT INTO lab_queue_userinqueue VALUES(186,37,'',10,'Vitaly',853506,'Avseitsev',0,16);
INSERT INTO lab_queue_userinqueue VALUES(187,38,'',10,'Vlad',853506,'Grudovik',1,17);
INSERT INTO lab_queue_userinqueue VALUES(188,39,'',10,'Кирилл',853506,'Спесивцев',0,18);
CREATE TABLE IF NOT EXISTS "lab_queue_queue" ("queue_id" integer NOT NULL PRIMARY KEY AUTOINCREMENT, "queue_title" varchar(100) NOT NULL, "queue_group" integer NOT NULL, "queue_info" text NOT NULL, "queue_create_date" datetime NOT NULL);
INSERT INTO lab_queue_queue VALUES(10,'ИСП',853506,'ориентировочно на 21.05','2020-05-12 19:18:02.788838');
INSERT INTO lab_queue_queue VALUES(12,'МЧА 14.05',853506,'8:00 - 11:20','2020-05-13 09:02:37.849706');
DELETE FROM sqlite_sequence;
INSERT INTO sqlite_sequence VALUES('django_migrations',29);
INSERT INTO sqlite_sequence VALUES('django_admin_log',60);
INSERT INTO sqlite_sequence VALUES('django_content_type',10);
INSERT INTO sqlite_sequence VALUES('auth_permission',40);
INSERT INTO sqlite_sequence VALUES('auth_user',39);
INSERT INTO sqlite_sequence VALUES('auth_group',0);
INSERT INTO sqlite_sequence VALUES('lab_queue_profile',35);
INSERT INTO sqlite_sequence VALUES('lab_queue_userinqueue',188);
INSERT INTO sqlite_sequence VALUES('lab_queue_queue',12);
CREATE UNIQUE INDEX "auth_group_permissions_group_id_permission_id_0cd325b0_uniq" ON "auth_group_permissions" ("group_id", "permission_id");
CREATE INDEX "auth_group_permissions_group_id_b120cbf9" ON "auth_group_permissions" ("group_id");
CREATE INDEX "auth_group_permissions_permission_id_84c5c92e" ON "auth_group_permissions" ("permission_id");
CREATE UNIQUE INDEX "auth_user_groups_user_id_group_id_94350c0c_uniq" ON "auth_user_groups" ("user_id", "group_id");
CREATE INDEX "auth_user_groups_user_id_6a12ed8b" ON "auth_user_groups" ("user_id");
CREATE INDEX "auth_user_groups_group_id_97559544" ON "auth_user_groups" ("group_id");
CREATE UNIQUE INDEX "auth_user_user_permissions_user_id_permission_id_14a6b632_uniq" ON "auth_user_user_permissions" ("user_id", "permission_id");
CREATE INDEX "auth_user_user_permissions_user_id_a95ead1b" ON "auth_user_user_permissions" ("user_id");
CREATE INDEX "auth_user_user_permissions_permission_id_1fbb5f2c" ON "auth_user_user_permissions" ("permission_id");
CREATE INDEX "django_admin_log_content_type_id_c4bce8eb" ON "django_admin_log" ("content_type_id");
CREATE INDEX "django_admin_log_user_id_c564eba6" ON "django_admin_log" ("user_id");
CREATE UNIQUE INDEX "django_content_type_app_label_model_76bd3d3b_uniq" ON "django_content_type" ("app_label", "model");
CREATE UNIQUE INDEX "auth_permission_content_type_id_codename_01ab375a_uniq" ON "auth_permission" ("content_type_id", "codename");
CREATE INDEX "auth_permission_content_type_id_2f476e4b" ON "auth_permission" ("content_type_id");
CREATE INDEX "django_session_expire_date_a5c62663" ON "django_session" ("expire_date");
CREATE INDEX "lab_queue_userinqueue_uiq_queue_id_id_00c23a44" ON "lab_queue_userinqueue" ("uiq_queue_id_id");
COMMIT;
